क्रमांक,Subject iendly Topic,Exam,Post,Content Type
1,हिंदी,"संज्ञा, सर्वनाम, विशेषण और क्रिया: BPSC TRE 4 हिंदी व्याकरण आसान उदाहरणों में",BPSC TRE 4,Primary Teacher (Class 1–5),Research Note
2,हिंदी,"लिंग, वचन, पुरुष, काल और कारक: BPSC TRE 4 के लिए नियम और Practice Questions",BPSC TRE 4,Primary Teacher (Class 1–5),Research Note
3,हिंदी,"संधि और समास for BPSC TRE 4: प्रकार, पहचानने की Trick और महत्वपूर्ण प्रश्न",BPSC TRE 4,Primary Teacher (Class 1–5),Research Note
4,हिंदी,उपसर्ग और प्रत्यय: BPSC TRE 4 के लिए शब्द रचना और आसान तरीके,BPSC TRE 4,Primary Teacher (Class 1–5),Research Note
5,हिंदी,पर्यायवाची और विलोम शब्द: BPSC TRE 4 के लिए महत्वपूर्ण शब्द और MCQ Practice,BPSC TRE 4,Primary Teacher (Class 1–5),Research Note
6,हिंदी,अनेकार्थी और समानार्थी शब्द: BPSC TRE 4 हिंदी Vocabulary और सही प्रयोग,BPSC TRE 4,Primary Teacher (Class 1–5),Research Note
7,हिंदी,"तत्सम, तद्भव, देशज और विदेशी शब्द: BPSC TRE 4 के लिए अंतर और उदाहरण",BPSC TRE 4,Primary Teacher (Class 1–5),Research Note
8,हिंदी,"मुहावरे और लोकोक्तियाँ for BPSC TRE 4: अर्थ, वाक्य प्रयोग और Practice Questions",BPSC TRE 4,Primary Teacher (Class 1–5),Research Note
9,हिंदी,शब्द शुद्धि और वाक्य शुद्धि: BPSC TRE 4 के लिए सामान्य गलतियाँ और सही प्रयोग,BPSC TRE 4,Primary Teacher (Class 1–5),Research Note
10,हिंदी,अपठित गद्यांश कैसे हल करें? BPSC TRE 4 के लिए भाषा-बोध और Reading Strategy,BPSC TRE 4,Primary Teacher (Class 1–5),Research Note
11,अंग्रेजी,Parts of Speech और Sentence Structure: BPSC TRE 4 English Grammar आसान उदाहरणों में,BPSC TRE 4,Primary Teacher (Class 1–5),Research Note
12,अंग्रेजी,"Tenses Made Easy for BPSC TRE 4: Present, Past और Future के Rules और Examples",BPSC TRE 4,Primary Teacher (Class 1–5),Research Note
13,अंग्रेजी,"Articles, Prepositions, Conjunctions और Modals: BPSC TRE 4 English के आसान Rules",BPSC TRE 4,Primary Teacher (Class 1–5),Research Note
14,अंग्रेजी,"Subject-Verb Agreement for BPSC TRE 4: Rules, Common Errors और Practice Questions",BPSC TRE 4,Primary Teacher (Class 1–5),Research Note
15,अंग्रेजी,"Synonyms, Antonyms और Word Usage: BPSC TRE 4 English Vocabulary की तैयारी",BPSC TRE 4,Primary Teacher (Class 1–5),Research Note
16,अंग्रेजी,Error Detection for BPSC TRE 4: Grammar Mistakes पहचानने की Strategy और Practice,BPSC TRE 4,Primary Teacher (Class 1–5),Research Note
17,अंग्रेजी,"Sentence Correction for BPSC TRE 4: Common Errors, Rules और Solved Examples",BPSC TRE 4,Primary Teacher (Class 1–5),Research Note
18,अंग्रेजी,Reading Comprehension for BPSC TRE 4: Passage Solving Strategy और Practice Questions,BPSC TRE 4,Primary Teacher (Class 1–5),Research Note
19,गणित,"Number System for BPSC TRE 4: संख्या, स्थानीय मान और Place Value आसान तरीके से",BPSC TRE 4,Primary Teacher (Class 1–5),Research Note
20,गणित,"जोड़, घटाव, गुणा और भाग: BPSC TRE 4 Maths की Basic Arithmetic Practice",BPSC TRE 4,Primary Teacher (Class 1–5),Research Note
21,गणित,"HCF और LCM for BPSC TRE 4: आसान नियम, Tricks, Examples और Practice Questions",BPSC TRE 4,Primary Teacher (Class 1–5),Research Note
22,गणित,"Fractions और Decimals: BPSC TRE 4 Maths के लिए Conversion, Comparison और Calculation",BPSC TRE 4,Primary Teacher (Class 1–5),Research Note
23,गणित,Ratio और Proportion for BPSC TRE 4: अनुपात-समानुपात के नियम और आसान सवाल,BPSC TRE 4,Primary Teacher (Class 1–5),Research Note
24,गणित,"Percentage for BPSC TRE 4: Formula, Examples, Tricks और Practice Questions",BPSC TRE 4,Primary Teacher (Class 1–5),Research Note
25,गणित,Average for BPSC TRE 4: औसत निकालने के आसान तरीके और Solved Questions,BPSC TRE 4,Primary Teacher (Class 1–5),Research Note
26,गणित,"Profit और Loss for BPSC TRE 4: लाभ-हानि के Concepts, Formula और MCQ",BPSC TRE 4,Primary Teacher (Class 1–5),Research Note
27,गणित,"Time, Money और Unit Conversion: BPSC TRE 4 Maths के जरूरी Concepts और सवाल",BPSC TRE 4,Primary Teacher (Class 1–5),Research Note
28,गणित,"Time, Work और Speed: BPSC TRE 4 के लिए Basic Concepts और Practice Questions",BPSC TRE 4,Primary Teacher (Class 1–5),Research Note
29,गणित,"Measurement और Mensuration for BPSC TRE 4: लंबाई, भार, क्षमता और परिमाप",BPSC TRE 4,Primary Teacher (Class 1–5),Research Note
30,गणित,"Geometry for BPSC TRE 4: रेखा, कोण और आकृतियों के जरूरी Concepts और MCQ",BPSC TRE 4,Primary Teacher (Class 1–5),Research Note
31,गणित,Perimeter और Area for BPSC TRE 4: परिमाप-क्षेत्रफल के Formula और Examples,BPSC TRE 4,Primary Teacher (Class 1–5),Research Note
32,गणित,"Data Handling for BPSC TRE 4: Tables, Graphs, Patterns और आसान Questions",BPSC TRE 4,Primary Teacher (Class 1–5),Research Note
33,गणित,"Elementary Algebra for BPSC TRE 4: Patterns, Variables और Mathematical Reasoning",BPSC TRE 4,Primary Teacher (Class 1–5),Research Note
34,विज्ञान,Living और Non-Living Things: BPSC TRE 4 Science के लिए अंतर और आसान उदाहरण,BPSC TRE 4,Primary Teacher (Class 1–5),Research Note
35,विज्ञान,"Plants and Their Functions for BPSC TRE 4: पौधों के भाग, कार्य और महत्वपूर्ण प्रश्न",BPSC TRE 4,Primary Teacher (Class 1–5),Research Note
36,विज्ञान,"Animals, Habitats और Life Processes: BPSC TRE 4 के लिए Concepts और MCQ",BPSC TRE 4,Primary Teacher (Class 1–5),Research Note
37,विज्ञान,"Human Body, Health और Hygiene: BPSC TRE 4 Science के जरूरी तथ्य और Questions",BPSC TRE 4,Primary Teacher (Class 1–5),Research Note
38,विज्ञान,"Food और Nutrition for BPSC TRE 4: पोषक तत्व, संतुलित आहार और MCQ",BPSC TRE 4,Primary Teacher (Class 1–5),Research Note
39,विज्ञान,Matter और Materials: BPSC TRE 4 के लिए पदार्थ के गुण और दैनिक जीवन के उदाहरण,BPSC TRE 4,Primary Teacher (Class 1–5),Research Note
40,विज्ञान,"Force, Motion, Work और Simple Machines: BPSC TRE 4 Science Notes और Practice",BPSC TRE 4,Primary Teacher (Class 1–5),Research Note
41,विज्ञान,"Heat, Light और Sound for BPSC TRE 4: Concepts, Examples और महत्वपूर्ण प्रश्न",BPSC TRE 4,Primary Teacher (Class 1–5),Research Note
42,विज्ञान,Electricity और Magnetism: BPSC TRE 4 के लिए Basic Concepts और Practice Questions,BPSC TRE 4,Primary Teacher (Class 1–5),Research Note
43,विज्ञान,"Water, Air और Pollution: BPSC TRE 4 Environment के जरूरी Facts और MCQ",BPSC TRE 4,Primary Teacher (Class 1–5),Research Note
44,विज्ञान,"Earth, Weather और Sky: BPSC TRE 4 Science में Natural Phenomena आसान भाषा में",BPSC TRE 4,Primary Teacher (Class 1–5),Research Note
45,इतिहास,"Ancient India for BPSC TRE 4: शुरुआती सभ्यताएँ, महत्वपूर्ण तथ्य और MCQ",BPSC TRE 4,Primary Teacher (Class 1–5),Research Note
46,इतिहास,"Indus Valley, Vedic Age और Mahajanapadas: BPSC TRE 4 के लिए Complete Notes",BPSC TRE 4,Primary Teacher (Class 1–5),Research Note
47,इतिहास,"Mauryan और Gupta Period: BPSC TRE 4 History के प्रमुख शासक, उपलब्धियाँ और Questions",BPSC TRE 4,Primary Teacher (Class 1–5),Research Note
48,इतिहास,"1857 का विद्रोह: BPSC TRE 4 के लिए कारण, प्रमुख घटनाएँ और परिणाम",BPSC TRE 4,Primary Teacher (Class 1–5),Research Note
49,इतिहास,Indian National Movement for BPSC TRE 4: स्वतंत्रता संग्राम की प्रमुख घटनाएँ और MCQ,BPSC TRE 4,Primary Teacher (Class 1–5),Research Note
50,भूगोल,"Earth, Continents और Oceans: BPSC TRE 4 Geography के लिए आसान Notes और Questions",BPSC TRE 4,Primary Teacher (Class 1–5),Research Note
51,भूगोल,"India Geography for BPSC TRE 4: पर्वत, नदियाँ, मैदान, जलवायु और कृषि",BPSC TRE 4,Primary Teacher (Class 1–5),Research Note
52,भूगोल,"Bihar Geography for BPSC TRE 4: नदियाँ, जिले, मिट्टी, जलवायु और कृषि",BPSC TRE 4,Primary Teacher (Class 1–5),Research Note
53,बिहार एवं जीके,"Bihar GK for BPSC TRE 4: इतिहास, संस्कृति, त्योहार, कला और प्रमुख व्यक्तित्व",BPSC TRE 4,Primary Teacher (Class 1–5),Research Note
54,भारतीय राजव्यवस्था,"Indian Polity for BPSC TRE 4: संविधान, मौलिक अधिकार, कर्तव्य और लोकतंत्र",BPSC TRE 4,Primary Teacher (Class 1–5),Research Note
55,सामान्य ज्ञान,"General Awareness for BPSC TRE 4: India & Bihar GK, Awards, Sports और Government Schemes",BPSC TRE 4,Primary Teacher (Class 1–5),Research Note
