topic,question_en,question_hi,option1_en,option1_hi,option2_en,option2_hi,option3_en,option3_hi,option4_en,option4_hi,correct,explanation_en,explanation_hi,exam_type_year
Hindi,बच्चों में भाषा सीखने की जन्मजात क्षमता होती है। यह विचार किसका है?,बच्चों में भाषा सीखने की जन्मजात क्षमता होती है। यह विचार किसका है?,स्किनर,स्किनर,वाइगोत्स्की,वाइगोत्स्की,पियाजे,पियाजे,चॉम्स्की,चॉम्स्की,3,"नोम चॉम्स्की के अनुसार, बच्चों में भाषा अर्जन की जन्मजात क्षमता (LAD) होती है।","नोम चॉम्स्की के अनुसार, बच्चों में भाषा अर्जन की जन्मजात क्षमता (LAD) होती है।",CTET2022
Hindi,वाइगोत्स्की के अनुसार भाषा सीखने में सबसे अधिक महत्वपूर्ण क्या है?,वाइगोत्स्की के अनुसार भाषा सीखने में सबसे अधिक महत्वपूर्ण क्या है?,रेडियो,रेडियो,आनुवंशिकता,आनुवंशिकता,सामाजिक अंतःक्रिया,सामाजिक अंतःक्रिया,पाठ्यपुस्तक,पाठ्यपुस्तक,2,लेव वाइगोत्स्की का मानना था कि बच्चे सामाजिक अंतःक्रिया के माध्यम से भाषा सीखते हैं।,लेव वाइगोत्स्की का मानना था कि बच्चे सामाजिक अंतःक्रिया के माध्यम से भाषा सीखते हैं।,CTET2025
Hindi,भाषा अर्जन (Language Acquisition) के संबंध में कौन-सा कथन सत्य है?,भाषा अर्जन (Language Acquisition) के संबंध में कौन-सा कथन सत्य है?,यह स्वाभाविक और अवचेतन प्रक्रिया है।,यह स्वाभाविक और अवचेतन प्रक्रिया है।,यह एक सचेतन प्रक्रिया है।,यह एक सचेतन प्रक्रिया है।,व्याकरण के नियमों की आवश्यकता होती है।,व्याकरण के नियमों की आवश्यकता होती है।,यह केवल विद्यालय में होता है।,यह केवल विद्यालय में होता है।,0,"भाषा अर्जन मातृभाषा की तरह एक स्वाभाविक और अवचेतन प्रक्रिया है, जिसके लिए औपचारिक नियमों की आवश्यकता नहीं होती।","भाषा अर्जन मातृभाषा की तरह एक स्वाभाविक और अवचेतन प्रक्रिया है, जिसके लिए औपचारिक नियमों की आवश्यकता नहीं होती।",CTET2022
Hindi,भाषा अनुकरण और पुनर्बलन के माध्यम से सीखी जाती है। यह कथन किस मनोवैज्ञानिक का है?,भाषा अनुकरण और पुनर्बलन के माध्यम से सीखी जाती है। यह कथन किस मनोवैज्ञानिक का है?,जीन पियाजे,जीन पियाजे,नोम चॉम्स्की,नोम चॉम्स्की,स्टीफन क्रैशन,स्टीफन क्रैशन,बी.एफ. स्किनर,बी.एफ. स्किनर,3,"स्किनर के व्यवहारवादी सिद्धांत के अनुसार, बच्चे अनुकरण और पुनर्बलन के माध्यम से भाषा सीखते हैं।","स्किनर के व्यवहारवादी सिद्धांत के अनुसार, बच्चे अनुकरण और पुनर्बलन के माध्यम से भाषा सीखते हैं।",CTET2023
Hindi,किस मनोवैज्ञानिक ने 'अहंकेंद्रित भाषा' (Egocentric speech) की अवधारणा दी है?,किस मनोवैज्ञानिक ने 'अहंकेंद्रित भाषा' (Egocentric speech) की अवधारणा दी है?,जीन पियाजे,जीन पियाजे,पावलोव,पावलोव,ब्रूनर,ब्रूनर,स्किनर,स्किनर,0,जीन पियाजे ने बच्चों द्वारा खुद से बात करने को 'अहंकेंद्रित भाषा' कहा है।,जीन पियाजे ने बच्चों द्वारा खुद से बात करने को 'अहंकेंद्रित भाषा' कहा है।,CTET2023
Hindi,"क्रैशन के अनुसार, कौन-सा सिद्धांत बताता है कि शिक्षार्थी वर्तमान स्तर से थोड़ा ऊपर के इनपुट से सीखते हैं?","क्रैशन के अनुसार, कौन-सा सिद्धांत बताता है कि शिक्षार्थी वर्तमान स्तर से थोड़ा ऊपर के इनपुट से सीखते हैं?",मॉनिटर परिकल्पना,मॉनिटर परिकल्पना,प्राकृतिक क्रम परिकल्पना,प्राकृतिक क्रम परिकल्पना,भावात्मक फिल्टर परिकल्पना,भावात्मक फिल्टर परिकल्पना,इनपुट परिकल्पना (i+1),इनपुट परिकल्पना (i+1),3,"क्रैशन की 'बोधगम्य इनपुट' (i+1) परिकल्पना के अनुसार, शिक्षार्थी अपने वर्तमान भाषा स्तर से एक स्तर ऊपर के इनपुट से सीखते हैं।","क्रैशन की 'बोधगम्य इनपुट' (i+1) परिकल्पना के अनुसार, शिक्षार्थी अपने वर्तमान भाषा स्तर से एक स्तर ऊपर के इनपुट से सीखते हैं।",CTET2022
Hindi,भाषा विकास की किस अवस्था में बच्चा 'बबलाना' (Babbling) शुरू करता है?,भाषा विकास की किस अवस्था में बच्चा 'बबलाना' (Babbling) शुरू करता है?,12 से 18 महीने,12 से 18 महीने,2 से 3 वर्ष,2 से 3 वर्ष,जन्म से 2 महीने,जन्म से 2 महीने,6 से 8 महीने,6 से 8 महीने,3,"लगभग 6 से 8 महीने की आयु में बच्चे बबलाना (जैसे- बा-बा, दा-दा) शुरू कर देते हैं।","लगभग 6 से 8 महीने की आयु में बच्चे बबलाना (जैसे- बा-बा, दा-दा) शुरू कर देते हैं।",
Hindi,प्राथमिक स्तर पर बहुभाषिकता को किस रूप में देखा जाना चाहिए?,प्राथमिक स्तर पर बहुभाषिकता को किस रूप में देखा जाना चाहिए?,शिक्षण में चुनौती के रूप में,शिक्षण में चुनौती के रूप में,एक बाधा के रूप में,एक बाधा के रूप में,एक समस्या के रूप में,एक समस्या के रूप में,एक संसाधन के रूप में,एक संसाधन के रूप में,3,कक्षा में बहुभाषिकता एक महत्वपूर्ण संसाधन है जो बच्चों के संज्ञानात्मक विकास में सहायता करती है।,कक्षा में बहुभाषिकता एक महत्वपूर्ण संसाधन है जो बच्चों के संज्ञानात्मक विकास में सहायता करती है।,CTET2024
Hindi,भाषा अधिगम के लिए सबसे महत्वपूर्ण कारक कौन-सा है?,भाषा अधिगम के लिए सबसे महत्वपूर्ण कारक कौन-सा है?,समृद्ध भाषिक परिवेश,समृद्ध भाषिक परिवेश,अत्यधिक गृहकार्य,अत्यधिक गृहकार्य,कठोर अनुशासन,कठोर अनुशासन,व्याकरण की रटंत विद्या,व्याकरण की रटंत विद्या,0,एक समृद्ध भाषिक परिवेश भाषा अधिगम को स्वाभाविक और प्रभावी बनाता है।,एक समृद्ध भाषिक परिवेश भाषा अधिगम को स्वाभाविक और प्रभावी बनाता है।,CTET2025
Hindi,वाइगोत्स्की द्वारा प्रतिपादित 'निजी भाषण' (Private speech) क्या दर्शाता है?,वाइगोत्स्की द्वारा प्रतिपादित 'निजी भाषण' (Private speech) क्या दर्शाता है?,यह संज्ञानात्मक अपरिपक्वता है।,यह संज्ञानात्मक अपरिपक्वता है।,बच्चे ध्यान आकर्षित करना चाहते हैं।,बच्चे ध्यान आकर्षित करना चाहते हैं।,बच्चे स्वयं को निर्देशित करने के लिए भाषा का उपयोग करते हैं।,बच्चे स्वयं को निर्देशित करने के लिए भाषा का उपयोग करते हैं।,बच्चे आत्मकेंद्रित होते हैं।,बच्चे आत्मकेंद्रित होते हैं।,2,"वाइगोत्स्की के अनुसार, बच्चे स्वयं को निर्देशित करने और अपनी सोच को विनियमित करने के लिए निजी भाषण का उपयोग करते हैं।","वाइगोत्स्की के अनुसार, बच्चे स्वयं को निर्देशित करने और अपनी सोच को विनियमित करने के लिए निजी भाषण का उपयोग करते हैं।",CTET2025
Hindi,BICS (Basic Interpersonal Communicative Skills) का संबंध मुख्य रूप से किससे है?,BICS (Basic Interpersonal Communicative Skills) का संबंध मुख्य रूप से किससे है?,वैज्ञानिक अनुसंधान से,वैज्ञानिक अनुसंधान से,अकादमिक भाषा से,अकादमिक भाषा से,लिखित परीक्षाओं से,लिखित परीक्षाओं से,रोजमर्रा की बोलचाल की भाषा से,रोजमर्रा की बोलचाल की भाषा से,3,"जिम कमिन्स के अनुसार, BICS रोजमर्रा की सामाजिक बातचीत और बोलचाल की भाषा से संबंधित है।","जिम कमिन्स के अनुसार, BICS रोजमर्रा की सामाजिक बातचीत और बोलचाल की भाषा से संबंधित है।",CTET2022
Hindi,CALP (Cognitive Academic Language Proficiency) का उपयोग मुख्यतः कहाँ होता है?,CALP (Cognitive Academic Language Proficiency) का उपयोग मुख्यतः कहाँ होता है?,खेल के मैदान में,खेल के मैदान में,परिवार में,परिवार में,विद्यालयी और अकादमिक कार्यों में,विद्यालयी और अकादमिक कार्यों में,मित्रों के साथ बातचीत में,मित्रों के साथ बातचीत में,2,"CALP विद्यालयी और अकादमिक स्तर की जटिल भाषा है, जो संज्ञानात्मक कार्यों और अध्ययन में प्रयुक्त होती है।","CALP विद्यालयी और अकादमिक स्तर की जटिल भाषा है, जो संज्ञानात्मक कार्यों और अध्ययन में प्रयुक्त होती है।",CTET2023
Hindi,द्वितीय भाषा सीखने में मातृभाषा का क्या प्रभाव होता है?,द्वितीय भाषा सीखने में मातृभाषा का क्या प्रभाव होता है?,इसका कोई प्रभाव नहीं पड़ता।,इसका कोई प्रभाव नहीं पड़ता।,यह एक सहायक के रूप में कार्य करती है।,यह एक सहायक के रूप में कार्य करती है।,यह हमेशा बाधा उत्पन्न करती है।,यह हमेशा बाधा उत्पन्न करती है।,यह सीखने की गति धीमी करती है।,यह सीखने की गति धीमी करती है।,1,मातृभाषा का ज्ञान द्वितीय भाषा सीखने में सकारात्मक स्थानांतरण करता है और सहायक सिद्ध होता है।,मातृभाषा का ज्ञान द्वितीय भाषा सीखने में सकारात्मक स्थानांतरण करता है और सहायक सिद्ध होता है।,CTET2022
Hindi,निम्नलिखित में से कौन-से भाषा कौशल 'उत्पादक कौशल' (Productive skills) कहलाते हैं?,निम्नलिखित में से कौन-से भाषा कौशल 'उत्पादक कौशल' (Productive skills) कहलाते हैं?,सुनना और बोलना,सुनना और बोलना,बोलना और लिखना,बोलना और लिखना,पढ़ना और लिखना,पढ़ना और लिखना,सुनना और पढ़ना,सुनना और पढ़ना,1,"बोलना और लिखना उत्पादक कौशल (अभिव्यंजनात्मक) हैं, क्योंकि इनमें भाषा का निर्माण और अभिव्यक्ति होती है।","बोलना और लिखना उत्पादक कौशल (अभिव्यंजनात्मक) हैं, क्योंकि इनमें भाषा का निर्माण और अभिव्यक्ति होती है।",CTET2023
Hindi,भाषा अधिगम के दौरान बच्चों द्वारा की जाने वाली त्रुटियों को किस रूप में लेना चाहिए?,भाषा अधिगम के दौरान बच्चों द्वारा की जाने वाली त्रुटियों को किस रूप में लेना चाहिए?,वे सीखने की प्रक्रिया का स्वाभाविक हिस्सा हैं।,वे सीखने की प्रक्रिया का स्वाभाविक हिस्सा हैं।,वे शिक्षक की विफलता दर्शाती हैं।,वे शिक्षक की विफलता दर्शाती हैं।,कठोरता से सुधारना चाहिए।,कठोरता से सुधारना चाहिए।,बच्चों को दंडित करना चाहिए।,बच्चों को दंडित करना चाहिए।,0,"त्रुटियां अधिगम की प्रक्रिया का अभिन्न अंग हैं, जो यह दर्शाती हैं कि बच्चा कैसे सोच रहा है और सीख रहा है।","त्रुटियां अधिगम की प्रक्रिया का अभिन्न अंग हैं, जो यह दर्शाती हैं कि बच्चा कैसे सोच रहा है और सीख रहा है।",CTET2024
Hindi,'महोत्सव' शब्द का सही संधि विच्छेद क्या है?,'महोत्सव' शब्द का सही संधि विच्छेद क्या है?,मही + उत्सव,मही + उत्सव,महो + उत्सव,महो + उत्सव,मह + उत्सव,मह + उत्सव,महा + उत्सव,महा + उत्सव,3,"'महोत्सव' में गुण स्वर संधि है (महा + उत्सव = महोत्सव, आ + उ = ओ)।","'महोत्सव' में गुण स्वर संधि है (महा + उत्सव = महोत्सव, आ + उ = ओ)।",DSSSB2023
Hindi,'नीलकंठ' में कौन-सा समास है?,'नीलकंठ' में कौन-सा समास है?,तत्पुरुष समास,तत्पुरुष समास,बहुव्रीहि समास,बहुव्रीहि समास,अव्ययीभाव समास,अव्ययीभाव समास,द्विगु समास,द्विगु समास,1,"'नीला है कंठ जिसका अर्थात् शिव'। इसमें दोनों पद प्रधान न होकर तीसरे अर्थ की प्रधानता है, अतः बहुव्रीहि समास है।","'नीला है कंठ जिसका अर्थात् शिव'। इसमें दोनों पद प्रधान न होकर तीसरे अर्थ की प्रधानता है, अतः बहुव्रीहि समास है।",KVS2022
Hindi,'तरनि तनूजा तट तमाल तरुवर बहु छाए।' - इस पंक्ति में कौन-सा अलंकार है?,'तरनि तनूजा तट तमाल तरुवर बहु छाए।' - इस पंक्ति में कौन-सा अलंकार है?,यमक,यमक,रूपक,रूपक,अनुप्रास,अनुप्रास,उपमा,उपमा,2,"इस पंक्ति में 'त' वर्ण की आवृत्ति बार-बार हुई है, इसलिए यहाँ अनुप्रास अलंकार है।","इस पंक्ति में 'त' वर्ण की आवृत्ति बार-बार हुई है, इसलिए यहाँ अनुप्रास अलंकार है।",UPTET2024
Hindi,इनमें से कौन-सा शब्द 'कमल' का पर्यायवाची नहीं है?,इनमें से कौन-सा शब्द 'कमल' का पर्यायवाची नहीं है?,नीरज,नीरज,वारिद,वारिद,जलज,जलज,पंकज,पंकज,1,"'वारिद' बादल का पर्यायवाची है, जबकि जलज, पंकज और नीरज कमल के पर्यायवाची हैं।","'वारिद' बादल का पर्यायवाची है, जबकि जलज, पंकज और नीरज कमल के पर्यायवाची हैं।",
Hindi,'स्थावर' का सही विलोम शब्द क्या होगा?,'स्थावर' का सही विलोम शब्द क्या होगा?,चंचल,चंचल,चेतन,चेतन,जंगम,जंगम,जड़,जड़,2,"'स्थावर' का अर्थ होता है स्थिर रहने वाला, और इसका सही विलोम 'जंगम' (चलने-फिरने वाला) होता है।","'स्थावर' का अर्थ होता है स्थिर रहने वाला, और इसका सही विलोम 'जंगम' (चलने-फिरने वाला) होता है।",
Hindi,निम्नलिखित में से शुद्ध वर्तनी वाले शब्द का चयन कीजिए।,निम्नलिखित में से शुद्ध वर्तनी वाले शब्द का चयन कीजिए।,कवयित्री,कवयित्री,कवियत्री,कवियत्री,कवित्री,कवित्री,कविइत्री,कविइत्री,0,"शुद्ध वर्तनी 'कवयित्री' होती है, जिसका अर्थ है कविता रचने वाली स्त्री।","शुद्ध वर्तनी 'कवयित्री' होती है, जिसका अर्थ है कविता रचने वाली स्त्री।",
Hindi,'आसमान पर चढ़ाना' मुहावरे का सही अर्थ क्या है?,'आसमान पर चढ़ाना' मुहावरे का सही अर्थ क्या है?,अत्यधिक प्रशंसा करना,अत्यधिक प्रशंसा करना,बहुत शोर करना,बहुत शोर करना,कठिन काम करना,कठिन काम करना,क्रोधित होना,क्रोधित होना,0,'आसमान पर चढ़ाना' का अर्थ है किसी की अत्यधिक या झूठी प्रशंसा करना जिससे वह अहंकारी हो जाए।,'आसमान पर चढ़ाना' का अर्थ है किसी की अत्यधिक या झूठी प्रशंसा करना जिससे वह अहंकारी हो जाए।,
Hindi,'अत्याचार' शब्द में कौन-सा उपसर्ग प्रयुक्त हुआ है?,'अत्याचार' शब्द में कौन-सा उपसर्ग प्रयुक्त हुआ है?,अत्या,अत्या,अति,अति,अ,अ,अत,अत,1,"'अत्याचार' शब्द 'अति + आचार' से मिलकर बना है, जिसमें 'अति' उपसर्ग है (यण संधि)।","'अत्याचार' शब्द 'अति + आचार' से मिलकर बना है, जिसमें 'अति' उपसर्ग है (यण संधि)।",
Hindi,निम्नलिखित में से कौन-सा वाक्य शुद्ध है?,निम्नलिखित में से कौन-सा वाक्य शुद्ध है?,मैंने आज जाना है।,मैंने आज जाना है।,मेरे को आज जाना है।,मेरे को आज जाना है।,मुझे आज जाना है।,मुझे आज जाना है।,अपुन को आज जाना है।,अपुन को आज जाना है।,2,व्याकरण की दृष्टि से 'मुझे आज जाना है' सर्वनाम का शुद्ध और प्रामाणिक प्रयोग है।,व्याकरण की दृष्टि से 'मुझे आज जाना है' सर्वनाम का शुद्ध और प्रामाणिक प्रयोग है।,
Hindi,'आग' का तत्सम रूप क्या होगा?,'आग' का तत्सम रूप क्या होगा?,अगिन,अगिन,अग्नि,अग्नि,आगी,आगी,पावक,पावक,1,"'आग' तद्भव शब्द है, जिसका संस्कृत का मूल (तत्सम) रूप 'अग्नि' होता है।","'आग' तद्भव शब्द है, जिसका संस्कृत का मूल (तत्सम) रूप 'अग्नि' होता है।",
Hindi,"'शिक्षा का उद्देश्य केवल किताबी ज्ञान देना नहीं है, बल्कि व्यक्ति का सर्वांगीण विकास करना है। एक शिक्षित व्यक्ति समाज के प्रति अपने कर्तव्यों को समझता है। नैतिक मूल्यों के बिना शिक्षा अधूरी है।' - गद्यांश के अनुसार शिक्षा का मुख्य उद्देश्य क्या है?","'शिक्षा का उद्देश्य केवल किताबी ज्ञान देना नहीं है, बल्कि व्यक्ति का सर्वांगीण विकास करना है। एक शिक्षित व्यक्ति समाज के प्रति अपने कर्तव्यों को समझता है। नैतिक मूल्यों के बिना शिक्षा अधूरी है।' - गद्यांश के अनुसार शिक्षा का मुख्य उद्देश्य क्या है?",समाज से अलग रहना,समाज से अलग रहना,केवल रोजगार प्राप्त करना,केवल रोजगार प्राप्त करना,किताबी ज्ञान रटना,किताबी ज्ञान रटना,व्यक्ति का सर्वांगीण विकास,व्यक्ति का सर्वांगीण विकास,3,गद्यांश की पहली पंक्ति में स्पष्ट रूप से उल्लेखित है कि शिक्षा का मुख्य उद्देश्य व्यक्ति का सर्वांगीण विकास करना है।,गद्यांश की पहली पंक्ति में स्पष्ट रूप से उल्लेखित है कि शिक्षा का मुख्य उद्देश्य व्यक्ति का सर्वांगीण विकास करना है।,CTET2023
Hindi,"'शिक्षा का उद्देश्य केवल किताबी ज्ञान देना नहीं है, बल्कि व्यक्ति का सर्वांगीण विकास करना है। एक शिक्षित व्यक्ति समाज के प्रति अपने कर्तव्यों को समझता है। नैतिक मूल्यों के बिना शिक्षा अधूरी है।' - उपर्युक्त गद्यांश में किसके बिना शिक्षा को अधूरा माना गया है?","'शिक्षा का उद्देश्य केवल किताबी ज्ञान देना नहीं है, बल्कि व्यक्ति का सर्वांगीण विकास करना है। एक शिक्षित व्यक्ति समाज के प्रति अपने कर्तव्यों को समझता है। नैतिक मूल्यों के बिना शिक्षा अधूरी है।' - उपर्युक्त गद्यांश में किसके बिना शिक्षा को अधूरा माना गया है?",धन के बिना,धन के बिना,पुस्तकों के बिना,पुस्तकों के बिना,नैतिक मूल्यों के बिना,नैतिक मूल्यों के बिना,विद्यालय के बिना,विद्यालय के बिना,2,गद्यांश के अंतिम वाक्य में स्पष्ट है कि नैतिक मूल्यों के बिना शिक्षा अधूरी है।,गद्यांश के अंतिम वाक्य में स्पष्ट है कि नैतिक मूल्यों के बिना शिक्षा अधूरी है।,CTET2023
Hindi,"'शिक्षा का उद्देश्य केवल किताबी ज्ञान देना नहीं है, बल्कि व्यक्ति का सर्वांगीण विकास करना है। एक शिक्षित व्यक्ति समाज के प्रति अपने कर्तव्यों को समझता है। नैतिक मूल्यों के बिना शिक्षा अधूरी है।' - गद्यांश में 'सर्वांगीण' शब्द का क्या अर्थ है?","'शिक्षा का उद्देश्य केवल किताबी ज्ञान देना नहीं है, बल्कि व्यक्ति का सर्वांगीण विकास करना है। एक शिक्षित व्यक्ति समाज के प्रति अपने कर्तव्यों को समझता है। नैतिक मूल्यों के बिना शिक्षा अधूरी है।' - गद्यांश में 'सर्वांगीण' शब्द का क्या अर्थ है?",सभी अंगों का,सभी अंगों का,सभी दिशाओं और पहलुओं का,सभी दिशाओं और पहलुओं का,केवल शारीरिक,केवल शारीरिक,केवल मानसिक,केवल मानसिक,1,"'सर्वांगीण' का अर्थ है सभी पहलुओं (शारीरिक, मानसिक, बौद्धिक, नैतिक) का समग्र विकास।","'सर्वांगीण' का अर्थ है सभी पहलुओं (शारीरिक, मानसिक, बौद्धिक, नैतिक) का समग्र विकास।",CTET2022
Hindi,"'शिक्षा का उद्देश्य केवल किताबी ज्ञान देना नहीं है, बल्कि व्यक्ति का सर्वांगीण विकास करना है। एक शिक्षित व्यक्ति समाज के प्रति अपने कर्तव्यों को समझता है। नैतिक मूल्यों के बिना शिक्षा अधूरी है।' - 'शिक्षित' शब्द में कौन-सा प्रत्यय है?","'शिक्षा का उद्देश्य केवल किताबी ज्ञान देना नहीं है, बल्कि व्यक्ति का सर्वांगीण विकास करना है। एक शिक्षित व्यक्ति समाज के प्रति अपने कर्तव्यों को समझता है। नैतिक मूल्यों के बिना शिक्षा अधूरी है।' - 'शिक्षित' शब्द में कौन-सा प्रत्यय है?",त,त,अ,अ,क्षित,क्षित,इत,इत,3,'शिक्षित' शब्द 'शिक्षा' मूल शब्द में 'इत' प्रत्यय जुड़ने से बना है (शिक्षा + इत = शिक्षित)।,'शिक्षित' शब्द 'शिक्षा' मूल शब्द में 'इत' प्रत्यय जुड़ने से बना है (शिक्षा + इत = शिक्षित)।,CTET2023
Hindi,"'शिक्षा का उद्देश्य केवल किताबी ज्ञान देना नहीं है, बल्कि व्यक्ति का सर्वांगीण विकास करना है। एक शिक्षित व्यक्ति समाज के प्रति अपने कर्तव्यों को समझता है। नैतिक मूल्यों के बिना शिक्षा अधूरी है।' - 'कर्तव्य' का विलोम शब्द गद्यांश के संदर्भ के अनुसार क्या हो सकता है?","'शिक्षा का उद्देश्य केवल किताबी ज्ञान देना नहीं है, बल्कि व्यक्ति का सर्वांगीण विकास करना है। एक शिक्षित व्यक्ति समाज के प्रति अपने कर्तव्यों को समझता है। नैतिक मूल्यों के बिना शिक्षा अधूरी है।' - 'कर्तव्य' का विलोम शब्द गद्यांश के संदर्भ के अनुसार क्या हो सकता है?",अधिकार,अधिकार,अकर्तव्य,अकर्तव्य,धर्म,धर्म,कर्म,कर्म,1,"सामान्यतः 'कर्तव्य' (Duty) का विपरीतार्थी शब्द 'अधिकार' (Right) माना जाता है, क्योंकि एक का कर्तव्य दूसरे का अधिकार होता है।","सामान्यतः 'कर्तव्य' (Duty) का विपरीतार्थी शब्द 'अधिकार' (Right) माना जाता है, क्योंकि एक का कर्तव्य दूसरे का अधिकार होता है।",CTET2022
Hindi,भाषा कौशल का स्वाभाविक और मनोवैज्ञानिक क्रम क्या है?,भाषा कौशल का स्वाभाविक और मनोवैज्ञानिक क्रम क्या है?,"सुनना, बोलना, पढ़ना, लिखना","सुनना, बोलना, पढ़ना, लिखना","पढ़ना, लिखना, सुनना, बोलना","पढ़ना, लिखना, सुनना, बोलना","सुनना, पढ़ना, बोलना, लिखना","सुनना, पढ़ना, बोलना, लिखना","बोलना, सुनना, पढ़ना, लिखना","बोलना, सुनना, पढ़ना, लिखना",0,"मनोवैज्ञानिक दृष्टि से बच्चा पहले सुनता है, फिर बोलता है, फिर पढ़ता है और अंत में लिखना सीखता है (LSRW)।","मनोवैज्ञानिक दृष्टि से बच्चा पहले सुनता है, फिर बोलता है, फिर पढ़ता है और अंत में लिखना सीखता है (LSRW)।",CTET2025
Hindi,व्याकरण शिक्षण की वह कौन-सी विधि है जिसमें पहले उदाहरण दिए जाते हैं और फिर नियम निकलवाए जाते हैं?,व्याकरण शिक्षण की वह कौन-सी विधि है जिसमें पहले उदाहरण दिए जाते हैं और फिर नियम निकलवाए जाते हैं?,सूत्र विधि,सूत्र विधि,आगमन विधि,आगमन विधि,निगमन विधि,निगमन विधि,पाठ्यपुस्तक विधि,पाठ्यपुस्तक विधि,1,आगमन विधि (Inductive Method) में शिक्षक पहले बच्चों के सामने उदाहरण प्रस्तुत करता है और फिर उन उदाहरणों के आधार पर नियम बताता है।,आगमन विधि (Inductive Method) में शिक्षक पहले बच्चों के सामने उदाहरण प्रस्तुत करता है और फिर उन उदाहरणों के आधार पर नियम बताता है।,CTET2025
Hindi,प्राथमिक स्तर पर भाषा शिक्षण का मुख्य उद्देश्य क्या होना चाहिए?,प्राथमिक स्तर पर भाषा शिक्षण का मुख्य उद्देश्य क्या होना चाहिए?,साहित्यिक विधाओं का गहन ज्ञान देना,साहित्यिक विधाओं का गहन ज्ञान देना,विभिन्न स्थितियों में भाषा का प्रभावी प्रयोग करना,विभिन्न स्थितियों में भाषा का प्रभावी प्रयोग करना,कठिन शब्दों के अर्थ याद करवाना,कठिन शब्दों के अर्थ याद करवाना,व्याकरण के नियमों को रटाना,व्याकरण के नियमों को रटाना,1,प्राथमिक स्तर पर भाषा शिक्षण का सबसे महत्वपूर्ण उद्देश्य बच्चों में अपनी बात को सहजता और प्रभावपूर्ण ढंग से कहने की क्षमता का विकास करना है।,प्राथमिक स्तर पर भाषा शिक्षण का सबसे महत्वपूर्ण उद्देश्य बच्चों में अपनी बात को सहजता और प्रभावपूर्ण ढंग से कहने की क्षमता का विकास करना है।,CTET2022
Hindi,भाषा शिक्षण के सूत्र 'ज्ञात से अज्ञात की ओर' का मुख्य अर्थ क्या है?,भाषा शिक्षण के सूत्र 'ज्ञात से अज्ञात की ओर' का मुख्य अर्थ क्या है?,कठिन बातों को पहले सिखाना,कठिन बातों को पहले सिखाना,अमूर्त से मूर्त की ओर ले जाना,अमूर्त से मूर्त की ओर ले जाना,छात्रों के पूर्व ज्ञान के आधार पर नया ज्ञान देना,छात्रों के पूर्व ज्ञान के आधार पर नया ज्ञान देना,बिना बताए नई बातें सिखाना,बिना बताए नई बातें सिखाना,2,"इस शिक्षण सूत्र के अनुसार, शिक्षक को नए विषय की शुरुआत उस ज्ञान से करनी चाहिए जो छात्रों को पहले से पता हो (पूर्व ज्ञान)।","इस शिक्षण सूत्र के अनुसार, शिक्षक को नए विषय की शुरुआत उस ज्ञान से करनी चाहिए जो छात्रों को पहले से पता हो (पूर्व ज्ञान)।",CTET2022
Hindi,भाषा शिक्षण की 'प्रत्यक्ष विधि' (Direct Method) की प्रमुख विशेषता क्या है?,भाषा शिक्षण की 'प्रत्यक्ष विधि' (Direct Method) की प्रमुख विशेषता क्या है?,इसमें व्याकरण पर अत्यधिक बल दिया जाता है।,इसमें व्याकरण पर अत्यधिक बल दिया जाता है।,इसमें मातृभाषा का प्रयोग वर्जित होता है।,इसमें मातृभाषा का प्रयोग वर्जित होता है।,इसमें मातृभाषा का भरपूर प्रयोग होता है।,इसमें मातृभाषा का भरपूर प्रयोग होता है।,यह केवल लिखने पर बल देती है।,यह केवल लिखने पर बल देती है।,1,"प्रत्यक्ष विधि में शिक्षार्थी को लक्ष्य भाषा (Target Language) उसी भाषा के माध्यम से सिखाई जाती है, इसमें मातृभाषा का प्रयोग नहीं किया जाता।","प्रत्यक्ष विधि में शिक्षार्थी को लक्ष्य भाषा (Target Language) उसी भाषा के माध्यम से सिखाई जाती है, इसमें मातृभाषा का प्रयोग नहीं किया जाता।",
Hindi,'नियम से उदाहरण की ओर' किस शिक्षण विधि का सिद्धांत है?,'नियम से उदाहरण की ओर' किस शिक्षण विधि का सिद्धांत है?,आगमन विधि,आगमन विधि,प्रोजेक्ट विधि,प्रोजेक्ट विधि,निगमन विधि,निगमन विधि,विश्लेषण विधि,विश्लेषण विधि,2,"निगमन विधि (Deductive Method) में पहले व्याकरण के नियम रटाए या बताए जाते हैं, उसके बाद उदाहरण दिए जाते हैं।","निगमन विधि (Deductive Method) में पहले व्याकरण के नियम रटाए या बताए जाते हैं, उसके बाद उदाहरण दिए जाते हैं।",CTET2025
Hindi,भाषा शिक्षण का 'अभ्यास का सिद्धांत' (Principle of Practice) किस मनोवैज्ञानिक के नियमों पर आधारित है?,भाषा शिक्षण का 'अभ्यास का सिद्धांत' (Principle of Practice) किस मनोवैज्ञानिक के नियमों पर आधारित है?,चॉम्स्की,चॉम्स्की,थार्नडाइक,थार्नडाइक,वाइगोत्स्की,वाइगोत्स्की,पियाजे,पियाजे,1,"ई.एल. थार्नडाइक के 'अभ्यास के नियम' के अनुसार, भाषा एक कौशल है जिसे बार-बार अभ्यास करने से ही सीखा और सुधारा जा सकता है।","ई.एल. थार्नडाइक के 'अभ्यास के नियम' के अनुसार, भाषा एक कौशल है जिसे बार-बार अभ्यास करने से ही सीखा और सुधारा जा सकता है।",
Hindi,भाषा शिक्षण में 'मूर्त से अमूर्त की ओर' शिक्षण सूत्र का अर्थ है:,भाषा शिक्षण में 'मूर्त से अमूर्त की ओर' शिक्षण सूत्र का अर्थ है:,अदृश्य चीजों के बारे में पहले बताना,अदृश्य चीजों के बारे में पहले बताना,जो दिखाई दे रहा है उससे अदृश्य या वैचारिक संकल्पनाओं की ओर जाना,जो दिखाई दे रहा है उससे अदृश्य या वैचारिक संकल्पनाओं की ओर जाना,कठिन से सरल की ओर जाना,कठिन से सरल की ओर जाना,तर्क से नियम की ओर जाना,तर्क से नियम की ओर जाना,1,"बच्चों को पहले ठोस और सामने उपस्थित वस्तुओं (मूर्त) का ज्ञान देना चाहिए, फिर विचारों और कल्पनाओं (अमूर्त) के बारे में समझाना चाहिए।","बच्चों को पहले ठोस और सामने उपस्थित वस्तुओं (मूर्त) का ज्ञान देना चाहिए, फिर विचारों और कल्पनाओं (अमूर्त) के बारे में समझाना चाहिए।",CTET2024
Hindi,भाषा शिक्षण का 'वैयक्तिक भिन्नता का सिद्धांत' क्या बताता है?,भाषा शिक्षण का 'वैयक्तिक भिन्नता का सिद्धांत' क्या बताता है?,"बच्चों की सीखने की गति, रुचि और क्षमता अलग-अलग होती है।","बच्चों की सीखने की गति, रुचि और क्षमता अलग-अलग होती है।",कक्षा में केवल मेधावी छात्रों पर ध्यान देना चाहिए।,कक्षा में केवल मेधावी छात्रों पर ध्यान देना चाहिए।,लड़के और लड़कियों के लिए अलग कक्षा होनी चाहिए।,लड़के और लड़कियों के लिए अलग कक्षा होनी चाहिए।,सभी बच्चे एक ही गति से सीखते हैं।,सभी बच्चे एक ही गति से सीखते हैं।,0,"हर बच्चे की शारीरिक, मानसिक और भाषाई पृष्ठभूमि अलग होती है, इसलिए शिक्षक को वैयक्तिक भिन्नता को ध्यान में रखकर शिक्षण विधियां अपनानी चाहिए।","हर बच्चे की शारीरिक, मानसिक और भाषाई पृष्ठभूमि अलग होती है, इसलिए शिक्षक को वैयक्तिक भिन्नता को ध्यान में रखकर शिक्षण विधियां अपनानी चाहिए।",CTET2023
Hindi,सी.जे. डोडसन (C.J. Dodson) द्वारा प्रतिपादित भाषा शिक्षण की विधि कौन-सी है?,सी.जे. डोडसन (C.J. Dodson) द्वारा प्रतिपादित भाषा शिक्षण की विधि कौन-सी है?,द्विभाषी विधि,द्विभाषी विधि,अनुवाद-व्याकरण विधि,अनुवाद-व्याकरण विधि,प्रत्यक्ष विधि,प्रत्यक्ष विधि,संप्रेषणात्मक विधि,संप्रेषणात्मक विधि,0,"द्विभाषी विधि (Bilingual Method) का प्रतिपादन सी.जे. डोडसन ने किया था, जिसमें मातृभाषा का प्रयोग केवल शिक्षक द्वारा कठिन शब्दों को समझाने के लिए किया जाता है।","द्विभाषी विधि (Bilingual Method) का प्रतिपादन सी.जे. डोडसन ने किया था, जिसमें मातृभाषा का प्रयोग केवल शिक्षक द्वारा कठिन शब्दों को समझाने के लिए किया जाता है।",
Hindi,'पवन' शब्द का सही संधि विच्छेद क्या है?,'पवन' शब्द का सही संधि विच्छेद क्या है?,पव + अन,पव + अन,प + वन,प + वन,पौ + अन,पौ + अन,पो + अन,पो + अन,3,'पवन' में अयादि स्वर संधि है। इसका संधि विच्छेद 'पो + अन' होगा (ओ + अ = अव)।,'पवन' में अयादि स्वर संधि है। इसका संधि विच्छेद 'पो + अन' होगा (ओ + अ = अव)।,DSSSB2022
Hindi,'यथाशक्ति' में कौन-सा समास प्रयुक्त हुआ है?,'यथाशक्ति' में कौन-सा समास प्रयुक्त हुआ है?,अव्ययीभाव समास,अव्ययीभाव समास,तत्पुरुष समास,तत्पुरुष समास,द्विगु समास,द्विगु समास,बहुव्रीहि समास,बहुव्रीहि समास,0,"'यथाशक्ति' का अर्थ है शक्ति के अनुसार। इसमें पहला पद 'यथा' अव्यय और प्रधान है, अतः यह अव्ययीभाव समास है।","'यथाशक्ति' का अर्थ है शक्ति के अनुसार। इसमें पहला पद 'यथा' अव्यय और प्रधान है, अतः यह अव्ययीभाव समास है।",KVS2025
Hindi,'कनक कनक ते सौगुनी मादकता अधिकाय।' - इस पंक्ति में कौन-सा अलंकार है?,'कनक कनक ते सौगुनी मादकता अधिकाय।' - इस पंक्ति में कौन-सा अलंकार है?,श्लेष अलंकार,श्लेष अलंकार,रूपक अलंकार,रूपक अलंकार,अनुप्रास अलंकार,अनुप्रास अलंकार,यमक अलंकार,यमक अलंकार,3,"यहाँ 'कनक' शब्द दो बार आया है और दोनों बार अर्थ अलग हैं (एक का अर्थ सोना और दूसरे का धतूरा), इसलिए यमक अलंकार है।","यहाँ 'कनक' शब्द दो बार आया है और दोनों बार अर्थ अलग हैं (एक का अर्थ सोना और दूसरे का धतूरा), इसलिए यमक अलंकार है।",UPTET2025
Hindi,'वीर रस' का स्थायी भाव क्या होता है?,'वीर रस' का स्थायी भाव क्या होता है?,भय,भय,रति,रति,क्रोध,क्रोध,उत्साह,उत्साह,3,"वीर रस का स्थायी भाव 'उत्साह' होता है, जो वीरतापूर्ण कार्यों को करने की प्रेरणा देता है।","वीर रस का स्थायी भाव 'उत्साह' होता है, जो वीरतापूर्ण कार्यों को करने की प्रेरणा देता है।",
Hindi,'चौपाई' छंद के प्रत्येक चरण में कितनी मात्राएँ होती हैं?,'चौपाई' छंद के प्रत्येक चरण में कितनी मात्राएँ होती हैं?,11 मात्राएँ,11 मात्राएँ,24 मात्राएँ,24 मात्राएँ,16 मात्राएँ,16 मात्राएँ,13 मात्राएँ,13 मात्राएँ,2,"चौपाई एक मात्रिक सम छंद है, इसके प्रत्येक चरण में 16-16 मात्राएँ होती हैं।","चौपाई एक मात्रिक सम छंद है, इसके प्रत्येक चरण में 16-16 मात्राएँ होती हैं।",
Hindi,'अक्ल का दुश्मन' मुहावरे का सही अर्थ क्या है?,'अक्ल का दुश्मन' मुहावरे का सही अर्थ क्या है?,महामूर्ख होना,महामूर्ख होना,मित्र का शत्रु होना,मित्र का शत्रु होना,विद्वान होना,विद्वान होना,बुद्धिमान व्यक्ति,बुद्धिमान व्यक्ति,0,'अक्ल का दुश्मन' मुहावरे का प्रयोग ऐसे व्यक्ति के लिए किया जाता है जो बिल्कुल मूर्खतापूर्ण व्यवहार करता हो।,'अक्ल का दुश्मन' मुहावरे का प्रयोग ऐसे व्यक्ति के लिए किया जाता है जो बिल्कुल मूर्खतापूर्ण व्यवहार करता हो।,
Hindi,'अधजल गगरी छलकत जाए' लोकोक्ति का सही अर्थ है:,'अधजल गगरी छलकत जाए' लोकोक्ति का सही अर्थ है:,बहुत अधिक ज्ञानी होना,बहुत अधिक ज्ञानी होना,मूर्ख व्यक्ति का शांत रहना,मूर्ख व्यक्ति का शांत रहना,पानी का गिर जाना,पानी का गिर जाना,कम ज्ञान होने पर भी अधिक दिखावा करना,कम ज्ञान होने पर भी अधिक दिखावा करना,3,"जिस प्रकार आधी भरी हुई मटकी अधिक छलकती है, उसी प्रकार कम गुणी या कम ज्ञान वाला व्यक्ति अधिक दिखावा करता है।","जिस प्रकार आधी भरी हुई मटकी अधिक छलकती है, उसी प्रकार कम गुणी या कम ज्ञान वाला व्यक्ति अधिक दिखावा करता है।",
Hindi,निम्नलिखित में से कौन-सा शब्द 'सूर्य' का पर्यायवाची नहीं है?,निम्नलिखित में से कौन-सा शब्द 'सूर्य' का पर्यायवाची नहीं है?,भास्कर,भास्कर,दिनकर,दिनकर,दिवाकर,दिवाकर,शशांक,शशांक,3,"'शशांक' चंद्रमा का पर्यायवाची है, जबकि दिनकर, दिवाकर और भास्कर सूर्य के पर्यायवाची हैं।","'शशांक' चंद्रमा का पर्यायवाची है, जबकि दिनकर, दिवाकर और भास्कर सूर्य के पर्यायवाची हैं।",
Hindi,'अनुराग' शब्द का सही विलोम शब्द क्या होगा?,'अनुराग' शब्द का सही विलोम शब्द क्या होगा?,पराग,पराग,सुराग,सुराग,द्वेष,द्वेष,विराग,विराग,3,"'अनुराग' का अर्थ प्रेम या लगाव होता है, जिसका सही विलोम 'विराग' (लगाव का अभाव) होता है।","'अनुराग' का अर्थ प्रेम या लगाव होता है, जिसका सही विलोम 'विराग' (लगाव का अभाव) होता है।",
Hindi,निम्नलिखित में से शुद्ध वर्तनी वाला शब्द छाँटिए।,निम्नलिखित में से शुद्ध वर्तनी वाला शब्द छाँटिए।,उज्ववल,उज्ववल,उज्वल,उज्वल,उज्जवल,उज्जवल,उज्ज्वल,उज्ज्वल,3,"शुद्ध वर्तनी 'उज्ज्वल' है, जिसमें दोनों 'ज' आधे होते हैं (उत् + ज्वल = उज्ज्वल, व्यंजन संधि)।","शुद्ध वर्तनी 'उज्ज्वल' है, जिसमें दोनों 'ज' आधे होते हैं (उत् + ज्वल = उज्ज्वल, व्यंजन संधि)।",
Hindi,"'भाषा मनुष्य की पहचान है। यह केवल विचारों के आदान-प्रदान का साधन नहीं है, बल्कि हमारी संस्कृति और संस्कारों की संवाहिका भी है। मातृभाषा में प्राप्त ज्ञान सबसे अधिक स्थायी होता है। इसलिए प्रारंभिक शिक्षा मातृभाषा में ही दी जानी चाहिए।' - गद्यांश के अनुसार भाषा क्या है?","'भाषा मनुष्य की पहचान है। यह केवल विचारों के आदान-प्रदान का साधन नहीं है, बल्कि हमारी संस्कृति और संस्कारों की संवाहिका भी है। मातृभाषा में प्राप्त ज्ञान सबसे अधिक स्थायी होता है। इसलिए प्रारंभिक शिक्षा मातृभाषा में ही दी जानी चाहिए।' - गद्यांश के अनुसार भाषा क्या है?",संस्कृति और संस्कारों की संवाहिका,संस्कृति और संस्कारों की संवाहिका,एक जटिल विषय,एक जटिल विषय,केवल ज्ञान प्राप्ति का साधन,केवल ज्ञान प्राप्ति का साधन,केवल बातचीत का साधन,केवल बातचीत का साधन,0,"गद्यांश में स्पष्ट लिखा है कि भाषा केवल आदान-प्रदान का साधन नहीं है, बल्कि हमारी संस्कृति और संस्कारों की संवाहिका भी है।","गद्यांश में स्पष्ट लिखा है कि भाषा केवल आदान-प्रदान का साधन नहीं है, बल्कि हमारी संस्कृति और संस्कारों की संवाहिका भी है।",CTET2025
Hindi,"'भाषा मनुष्य की पहचान है। यह केवल विचारों के आदान-प्रदान का साधन नहीं है, बल्कि हमारी संस्कृति और संस्कारों की संवाहिका भी है। मातृभाषा में प्राप्त ज्ञान सबसे अधिक स्थायी होता है। इसलिए प्रारंभिक शिक्षा मातृभाषा में ही दी जानी चाहिए।' - गद्यांश के अनुसार सबसे स्थायी ज्ञान किसमें प्राप्त होता है?","'भाषा मनुष्य की पहचान है। यह केवल विचारों के आदान-प्रदान का साधन नहीं है, बल्कि हमारी संस्कृति और संस्कारों की संवाहिका भी है। मातृभाषा में प्राप्त ज्ञान सबसे अधिक स्थायी होता है। इसलिए प्रारंभिक शिक्षा मातृभाषा में ही दी जानी चाहिए।' - गद्यांश के अनुसार सबसे स्थायी ज्ञान किसमें प्राप्त होता है?",विदेशी भाषा में,विदेशी भाषा में,राष्ट्रभाषा में,राष्ट्रभाषा में,अंतर्राष्ट्रीय भाषा में,अंतर्राष्ट्रीय भाषा में,मातृभाषा में,मातृभाषा में,3,गद्यांश की तीसरी पंक्ति में बताया गया है कि 'मातृभाषा में प्राप्त ज्ञान सबसे अधिक स्थायी होता है।',गद्यांश की तीसरी पंक्ति में बताया गया है कि 'मातृभाषा में प्राप्त ज्ञान सबसे अधिक स्थायी होता है।',CTET2024
Hindi,"'भाषा मनुष्य की पहचान है। यह केवल विचारों के आदान-प्रदान का साधन नहीं है, बल्कि हमारी संस्कृति और संस्कारों की संवाहिका भी है। मातृभाषा में प्राप्त ज्ञान सबसे अधिक स्थायी होता है। इसलिए प्रारंभिक शिक्षा मातृभाषा में ही दी जानी चाहिए।' - 'आदान-प्रदान' शब्द में कौन-सा समास है?","'भाषा मनुष्य की पहचान है। यह केवल विचारों के आदान-प्रदान का साधन नहीं है, बल्कि हमारी संस्कृति और संस्कारों की संवाहिका भी है। मातृभाषा में प्राप्त ज्ञान सबसे अधिक स्थायी होता है। इसलिए प्रारंभिक शिक्षा मातृभाषा में ही दी जानी चाहिए।' - 'आदान-प्रदान' शब्द में कौन-सा समास है?",द्वंद्व समास,द्वंद्व समास,तत्पुरुष समास,तत्पुरुष समास,अव्ययीभाव समास,अव्ययीभाव समास,द्विगु समास,द्विगु समास,0,"'आदान-प्रदान' का विग्रह 'आदान और प्रदान' होगा, जहाँ दोनों पद प्रधान हैं और बीच में योजक चिह्न है, अतः यह द्वंद्व समास है।","'आदान-प्रदान' का विग्रह 'आदान और प्रदान' होगा, जहाँ दोनों पद प्रधान हैं और बीच में योजक चिह्न है, अतः यह द्वंद्व समास है।",CTET2023
Hindi,"'भाषा मनुष्य की पहचान है। यह केवल विचारों के आदान-प्रदान का साधन नहीं है, बल्कि हमारी संस्कृति और संस्कारों की संवाहिका भी है। मातृभाषा में प्राप्त ज्ञान सबसे अधिक स्थायी होता है। इसलिए प्रारंभिक शिक्षा मातृभाषा में ही दी जानी चाहिए।' - गद्यांश के अनुसार प्रारंभिक शिक्षा किस माध्यम से दी जानी चाहिए?","'भाषा मनुष्य की पहचान है। यह केवल विचारों के आदान-प्रदान का साधन नहीं है, बल्कि हमारी संस्कृति और संस्कारों की संवाहिका भी है। मातृभाषा में प्राप्त ज्ञान सबसे अधिक स्थायी होता है। इसलिए प्रारंभिक शिक्षा मातृभाषा में ही दी जानी चाहिए।' - गद्यांश के अनुसार प्रारंभिक शिक्षा किस माध्यम से दी जानी चाहिए?",अंग्रेज़ी भाषा में,अंग्रेज़ी भाषा में,किसी भी विदेशी भाषा में,किसी भी विदेशी भाषा में,मातृभाषा में,मातृभाषा में,संस्कृत में,संस्कृत में,2,गद्यांश के अंत में स्पष्ट निर्देश है कि ज्ञान को स्थायी बनाने के लिए प्रारंभिक शिक्षा मातृभाषा में ही दी जानी चाहिए।,गद्यांश के अंत में स्पष्ट निर्देश है कि ज्ञान को स्थायी बनाने के लिए प्रारंभिक शिक्षा मातृभाषा में ही दी जानी चाहिए।,CTET2023
Hindi,"'भाषा मनुष्य की पहचान है। यह केवल विचारों के आदान-प्रदान का साधन नहीं है, बल्कि हमारी संस्कृति और संस्कारों की संवाहिका भी है। मातृभाषा में प्राप्त ज्ञान सबसे अधिक स्थायी होता है। इसलिए प्रारंभिक शिक्षा मातृभाषा में ही दी जानी चाहिए।' - गद्यांश में प्रयुक्त 'स्थायी' शब्द का सही विलोम क्या होगा?","'भाषा मनुष्य की पहचान है। यह केवल विचारों के आदान-प्रदान का साधन नहीं है, बल्कि हमारी संस्कृति और संस्कारों की संवाहिका भी है। मातृभाषा में प्राप्त ज्ञान सबसे अधिक स्थायी होता है। इसलिए प्रारंभिक शिक्षा मातृभाषा में ही दी जानी चाहिए।' - गद्यांश में प्रयुक्त 'स्थायी' शब्द का सही विलोम क्या होगा?",दीर्घकालिक,दीर्घकालिक,टिकाऊ,टिकाऊ,शाश्वत,शाश्वत,अस्थायी,अस्थायी,3,"'स्थायी' का अर्थ जो स्थिर या हमेशा रहे, और इसका विपरीत शब्द 'अस्थायी' होता है जो कुछ समय के लिए हो।","'स्थायी' का अर्थ जो स्थिर या हमेशा रहे, और इसका विपरीत शब्द 'अस्थायी' होता है जो कुछ समय के लिए हो।",CTET2023
Hindi,भाषा शिक्षण का 'रुचि का सिद्धांत' (Principle of Interest) किस बात पर बल देता है?,भाषा शिक्षण का 'रुचि का सिद्धांत' (Principle of Interest) किस बात पर बल देता है?,बच्चों को केवल कहानियाँ सुनानी चाहिए।,बच्चों को केवल कहानियाँ सुनानी चाहिए।,रुचि न होने पर पढ़ाई रोक देनी चाहिए।,रुचि न होने पर पढ़ाई रोक देनी चाहिए।,शिक्षक को अपनी रुचि का विषय पढ़ाना चाहिए।,शिक्षक को अपनी रुचि का विषय पढ़ाना चाहिए।,अधिगम सामग्री और विधि बच्चों की रुचि के अनुसार होनी चाहिए।,अधिगम सामग्री और विधि बच्चों की रुचि के अनुसार होनी चाहिए।,3,"रुचि का सिद्धांत बताता है कि शिक्षण तभी प्रभावी होता है जब वह शिक्षार्थियों की रुचि, आयु और मानसिक स्तर के अनुकूल हो।","रुचि का सिद्धांत बताता है कि शिक्षण तभी प्रभावी होता है যখন वह शिक्षार्थियों की रुचि, आयु और मानसिक स्तर के अनुकूल हो।",CTET2022
Hindi,व्याकरण-अनुवाद विधि (Grammar-Translation Method) में किन भाषा कौशलों पर सबसे अधिक जोर दिया जाता है?,व्याकरण-अनुवाद विधि (Grammar-Translation Method) में किन भाषा कौशलों पर सबसे अधिक जोर दिया जाता है?,सुनना और लिखना,सुनना और लिखना,बोलना और पढ़ना,बोलना और पढ़ना,पढ़ना और लिखना,पढ़ना और लिखना,सुनना और बोलना,सुनना और बोलना,2,"इस पारंपरिक विधि में मुख्य रूप से पाठ्यपुस्तकों को पढ़ने, अनुवाद करने और व्याकरण के नियम लिखने पर जोर दिया जाता है, जबकि मौखिक अभिव्यक्ति की उपेक्षा होती है।","इस पारंपरिक विधि में मुख्य रूप से पाठ्यपुस्तकों को पढ़ने, अनुवाद करने और व्याकरण के नियम लिखने पर जोर दिया जाता है, जबकि मौखिक अभिव्यक्ति की उपेक्षा होती है।",
Hindi,प्राथमिक कक्षाओं में भाषा शिक्षण के लिए 'खेल विधि' (Play-way Method) का मुख्य उद्देश्य क्या है?,प्राथमिक कक्षाओं में भाषा शिक्षण के लिए 'खेल विधि' (Play-way Method) का मुख्य उद्देश्य क्या है?,स्वाभाविक और आनंदपूर्ण तरीके से भाषा सिखाना,स्वाभाविक और आनंदपूर्ण तरीके से भाषा सिखाना,कक्षा में शोर कम करना,कक्षा में शोर कम करना,शारीरिक व्यायाम करवाना,शारीरिक व्यायाम करवाना,बच्चों का समय व्यतीत करना,बच्चों का समय व्यतीत करना,0,खेल विधि का मुख्य उद्देश्य बच्चों पर बिना बोझ डाले उन्हें खेल-खेल में आनंदपूर्वक भाषा कौशल का विकास कराना है।,खेल विधि का मुख्य उद्देश्य बच्चों पर बिना बोझ डाले उन्हें खेल-खेल में आनंदपूर्वक भाषा कौशल का विकास कराना है।,CTET2023
Hindi,उच्च प्राथमिक स्तर पर भाषा शिक्षण का एक महत्वपूर्ण उद्देश्य क्या है?,उच्च प्राथमिक स्तर पर भाषा शिक्षण का एक महत्वपूर्ण उद्देश्य क्या है?,भाषा की नियमबद्ध प्रकृति को पहचानना और उसका विश्लेषण करना,भाषा की नियमबद्ध प्रकृति को पहचानना और उसका विश्लेषण करना,कविताओं को रटकर सुनाना,कविताओं को रटकर सुनाना,बिना सोचे-समझे तेज गति से पढ़ना,बिना सोचे-समझे तेज गति से पढ़ना,केवल वर्णमाला की पहचान करना,केवल वर्णमाला की पहचान करना,0,उच्च प्राथमिक स्तर पर बच्चों में इतनी परिपक्वता आ जाती है कि वे भाषा के व्याकरण और उसकी नियमबद्ध व्यवस्था (संरचना) को समझ और विश्लेषित कर सकें।,उच्च प्राथमिक स्तर पर बच्चों में इतनी परिपक्वता आ जाती है कि वे भाषा के व्याकरण और उसकी नियमबद्ध व्यवस्था (संरचना) को समझ और विश्लेषित कर सकें।,CTET2022
Hindi,शिक्षण सूत्र 'सरल से कठिन की ओर' का कक्षा में उपयोग करते समय शिक्षक को क्या करना चाहिए?,शिक्षण सूत्र 'सरल से कठिन की ओर' का कक्षा में उपयोग करते समय शिक्षक को क्या करना चाहिए?,बच्चों को कठिन कार्य घर से करने को देना चाहिए।,बच्चों को कठिन कार्य घर से करने को देना चाहिए।,"पहले आसान और ज्ञात तथ्य बताने चाहिए, फिर जटिल अवधारणाओं की ओर बढ़ना चाहिए।","पहले आसान और ज्ञात तथ्य बताने चाहिए, फिर जटिल अवधारणाओं की ओर बढ़ना चाहिए।",कठिन शब्दों को पाठ से हटा देना चाहिए।,कठिन शब्दों को पाठ से हटा देना चाहिए।,सीधे जटिल व्याकरण के नियम सिखाने चाहिए।,सीधे जटिल व्याकरण के नियम सिखाने चाहिए।,1,"मनोवैज्ञानिक दृष्टि से, सरल और परिचित चीजों से शुरुआत करने पर बच्चे का आत्मविश्वास बढ़ता है और वह कठिन अवधारणाओं को आसानी से ग्रहण कर लेता है।","मनोवैज्ञानिक दृष्टि से, सरल और परिचित चीजों से शुरुआत करने पर बच्चे का आत्मविश्वास बढ़ता है और वह कठिन अवधारणाओं को आसानी से ग्रहण कर लेता है।",CTET2022
Hindi,प्राथमिक स्तर पर बच्चे भाषा का प्रयोग एक 'उपकरण' (Tool) के रूप में मुख्य रूप से किसलिए करते हैं?,प्राथमिक स्तर पर बच्चे भाषा का प्रयोग एक 'उपकरण' (Tool) के रूप में मुख्य रूप से किसलिए करते हैं?,केवल व्याकरण सीखने के लिए,केवल व्याकरण सीखने के लिए,केवल शिक्षक की बात सुनने के लिए,केवल शिक्षक की बात सुनने के लिए,कठिन शब्दों को रटने के लिए,कठिन शब्दों को रटने के लिए,"अपनी आवश्यकताओं, विचारों और इच्छाओं को संप्रेषित करने के लिए","अपनी आवश्यकताओं, विचारों और इच्छाओं को संप्रेषित करने के लिए",3,"वाइगोत्स्की के अनुसार, बच्चे भाषा का उपयोग एक संज्ञानात्मक और संप्रेषणात्मक उपकरण के रूप में अपनी जरूरतों और विचारों को व्यक्त करने के लिए करते हैं।","वाइगोत्स्की के अनुसार, बच्चे भाषा का उपयोग एक संज्ञानात्मक और संप्रेषणात्मक उपकरण के रूप में अपनी जरूरतों और विचारों को व्यक्त करने के लिए करते हैं।",CTET2024
Hindi,भाषा विकास में 'श्रवण कौशल' (Listening skill) की सबसे महत्वपूर्ण भूमिका क्या है?,भाषा विकास में 'श्रवण कौशल' (Listening skill) की सबसे महत्वपूर्ण भूमिका क्या है?,यह केवल परीक्षा पास करने में मदद करता है।,यह केवल परीक्षा पास करने में मदद करता है।,यह भाषा ग्रहण करने और अन्य सभी भाषाई कौशलों के विकास का आधार है।,यह भाषा ग्रहण करने और अन्य सभी भाषाई कौशलों के विकास का आधार है।,यह बच्चों को चुप रहना सिखाता है।,यह बच्चों को चुप रहना सिखाता है।,यह केवल मनोरंजन का साधन है।,यह केवल मनोरंजन का साधन है।,1,"श्रवण कौशल भाषा सीखने की पहली सीढ़ी है, जिसके माध्यम से बच्चा ध्वनियों और अर्थों को ग्रहण करता है, जो वाचन और लेखन का आधार बनता है।","श्रवण कौशल भाषा सीखने की पहली सीढ़ी है, जिसके माध्यम से बच्चा ध्वनियों और अर्थों को ग्रहण करता है, जो वाचन और लेखन का आधार बनता है।",CTET2023
Hindi,बच्चों में मौखिक अभिव्यक्ति (Speaking) क्षमता के विकास के लिए सबसे प्रभावी तरीका कौन-सा है?,बच्चों में मौखिक अभिव्यक्ति (Speaking) क्षमता के विकास के लिए सबसे प्रभावी तरीका कौन-सा है?,लगातार भाषण देना,लगातार भाषण देना,बच्चों को अपनी बात कहने और बातचीत करने के पर्याप्त अवसर देना,बच्चों को अपनी बात कहने और बातचीत करने के पर्याप्त अवसर देना,कठिन शब्दों का श्रुतिलेख करवाना,कठिन शब्दों का श्रुतिलेख करवाना,व्याकरण के नियमों को कंठस्थ करवाना,व्याकरण के नियमों को कंठस्थ करवाना,1,मौखिक अभिव्यक्ति का विकास तभी सबसे अच्छा होता है जब बच्चों को भयमुक्त वातावरण में अपने विचार स्वतंत्र रूप से प्रकट करने के अवसर मिलते हैं।,मौखिक अभिव्यक्ति का विकास तभी सबसे अच्छा होता है जब बच्चों को भयमुक्त वातावरण में अपने विचार स्वतंत्र रूप से प्रकट करने के अवसर मिलते हैं।,CTET2025
Hindi,"जब एक बच्चा अपनी भावनाओं (जैसे- खुशी, दुःख या गुस्सा) को व्यक्त करने के लिए भाषा का प्रयोग करता है, तो यह भाषा का कौन-सा कार्य कहलाता है?","जब एक बच्चा अपनी भावनाओं (जैसे- खुशी, दुःख या गुस्सा) को व्यक्त करने के लिए भाषा का प्रयोग करता है, तो यह भाषा का कौन-सा कार्य कहलाता है?",अभिव्यक्त्यात्मक (Expressive) कार्य,अभिव्यक्त्यात्मक (Expressive) कार्य,खोजपूर्ण कार्य,खोजपूर्ण कार्य,सूचनात्मक कार्य,सूचनात्मक कार्य,निर्देशात्मक कार्य,निर्देशात्मक कार्य,0,"हैलिडे के अनुसार, जब भाषा का उपयोग व्यक्तिगत भावनाओं और दृष्टिकोण को व्यक्त करने के लिए किया जाता है, तो वह भाषा का अभिव्यक्त्यात्मक कार्य होता है।","हैलिडे के अनुसार, जब भाषा का उपयोग व्यक्तिगत भावनाओं और दृष्टिकोण को व्यक्त करने के लिए किया जाता है, तो वह भाषा का अभिव्यक्त्यात्मक कार्य होता है।",CTET2023
Hindi,बच्चे लिखित भाषा का प्रयोग एक साधन के रूप में सबसे प्रभावी ढंग से कब करते हैं?,बच्चे लिखित भाषा का प्रयोग एक साधन के रूप में सबसे प्रभावी ढंग से कब करते हैं?,जब वे श्यामपट्ट से बिना समझे नकल करते हैं।,जब वे श्यामपट्ट से बिना समझे नकल करते हैं।,जब वे शिक्षक द्वारा रटाए गए उत्तर लिखते हैं।,जब वे शिक्षक द्वारा रटाए गए उत्तर लिखते हैं।,जब वे सुंदर लिखावट के लिए लिखते हैं।,जब वे सुंदर लिखावट के लिए लिखते हैं।,"जब वे अपने वास्तविक विचारों, अनुभवों और कल्पनाओं को अभिव्यक्त करते हैं।","जब वे अपने वास्तविक विचारों, अनुभवों और कल्पनाओं को अभिव्यक्त करते हैं।",3,"लिखित भाषा का असली उद्देश्य अर्थपूर्ण अभिव्यक्ति है। जब बच्चे अपने अनुभवों को लिखते हैं, तो वे भाषा को एक सशक्त उपकरण के रूप में उपयोग करते हैं।","लिखित भाषा का असली उद्देश्य अर्थपूर्ण अभिव्यक्ति है। जब बच्चे अपने अनुभवों को लिखते हैं, तो वे भाषा को एक सशक्त उपकरण के रूप में उपयोग करते हैं।",CTET2025
Hindi,वाइगोत्स्की के अनुसार भाषा और विचार के संबंध में कौन-सा कथन सत्य है?,वाइगोत्स्की के अनुसार भाषा और विचार के संबंध में कौन-सा कथन सत्य है?,"विचार भाषा को जन्म देते हैं, भाषा का कोई महत्व नहीं है।","विचार भाषा को जन्म देते हैं, भाषा का कोई महत्व नहीं है।",भाषा और विचार एक-दूसरे से पूरी तरह स्वतंत्र हैं।,भाषा और विचार एक-दूसरे से पूरी तरह स्वतंत्र हैं।,"भाषा केवल संवाद का साधन है, विचार का नहीं।","भाषा केवल संवाद का साधन है, विचार का नहीं।",भाषा विचार को आकार देने और संज्ञानात्मक विकास को निर्देशित करने का उपकरण है।,भाषा विचार को आकार देने और संज्ञानात्मक विकास को निर्देशित करने का उपकरण है।,3,"वाइगोत्स्की का मानना था कि भाषा केवल संप्रेषण नहीं है, बल्कि यह हमारे विचारों को आकार देने और चिंतन प्रक्रिया को दिशा देने का मुख्य उपकरण है।","वाइगोत्स्की का मानना था कि भाषा केवल संप्रेषण नहीं है, बल्कि यह हमारे विचारों को आकार देने और चिंतन प्रक्रिया को दिशा देने का मुख्य उपकरण है।",CTET2025
Hindi,कक्षा में बच्चों को आपस में बातचीत (Peer interaction) करने की छूट देना:,कक्षा में बच्चों को आपस में बातचीत (Peer interaction) करने की छूट देना:,केवल शोर उत्पन्न करता है।,केवल शोर उत्पन्न करता है।,"उनके भाषाई विकास, संप्रेषण कौशल और सामाजिक अंतःक्रिया को बढ़ाता है।","उनके भाषाई विकास, संप्रेषण कौशल और सामाजिक अंतःक्रिया को बढ़ाता है।",कक्षा में अनुशासनहीनता फैलाता है।,कक्षा में अनुशासनहीनता फैलाता है।,समय की बर्बादी है।,समय की बर्बादी है।,1,"सहपाठियों के साथ बातचीत करने से बच्चों को विभिन्न संदर्भों में भाषा का प्रयोग करने का मौका मिलता है, जो उनके समग्र भाषाई विकास में सहायक है।","सहपाठियों के साथ बातचीत करने से बच्चों को विभिन्न संदर्भों में भाषा का प्रयोग करने का मौका मिलता है, जो उनके समग्र भाषाई विकास में सहायक है।",CTET2022
Hindi,"जब एक बच्चा कहता है, 'मुझे वह खिलौना चाहिए', तो वह भाषा के किस कार्य (Function) का उपयोग कर रहा है?","जब एक बच्चा कहता है, 'मुझे वह खिलौना चाहिए', तो वह भाषा के किस कार्य (Function) का उपयोग कर रहा है?",अंतःक्रियात्मक कार्य (Interactional),अंतःक्रियात्मक कार्य (Interactional),कल्पनाशील कार्य (Imaginative),कल्पनाशील कार्य (Imaginative),सूचनात्मक कार्य (Informative),सूचनात्मक कार्य (Informative),यांत्रिक/आवश्यकता पूर्ति का कार्य (Instrumental),यांत्रिक/आवश्यकता पूर्ति का कार्य (Instrumental),3,"हैलिडे के अनुसार, जब भाषा का प्रयोग भौतिक आवश्यकताओं या इच्छाओं को पूरा करने के लिए किया जाता है, तो उसे 'यांत्रिक कार्य' (Instrumental function) कहते हैं।","हैलिडे के अनुसार, जब भाषा का प्रयोग भौतिक आवश्यकताओं या इच्छाओं को पूरा करने के लिए किया जाता है, तो उसे 'यांत्रिक कार्य' (Instrumental function) कहते हैं।",CTET2022
Hindi,"संप्रेषण के दौरान यदि कोई बच्चा बोलते समय व्याकरणिक त्रुटियां करता है, तो शिक्षक की सबसे अच्छी प्रतिक्रिया क्या होनी चाहिए?","संप्रेषण के दौरान यदि कोई बच्चा बोलते समय व्याकरणिक त्रुटियां करता है, तो शिक्षक की सबसे अच्छी प्रतिक्रिया क्या होनी चाहिए?",उसे बीच में रोककर तुरंत गलती सुधारनी चाहिए।,उसे बीच में रोककर तुरंत गलती सुधारनी चाहिए।,कक्षा के सामने उसका मजाक उड़ाना चाहिए।,कक्षा के सामने उसका मजाक उड़ाना चाहिए।,उसे बोलने से रोक देना चाहिए।,उसे बोलने से रोक देना चाहिए।,सहज बातचीत के दौरान गलतियों को नजरअंदाज कर संप्रेषण और अर्थ ग्रहण को बढ़ावा देना चाहिए।,सहज बातचीत के दौरान गलतियों को नजरअंदाज कर संप्रेषण और अर्थ ग्रहण को बढ़ावा देना चाहिए।,3,"प्रारंभिक स्तर पर भाषा का मुख्य उद्देश्य संप्रेषण है। बार-बार टोकने से बच्चे का आत्मविश्वास कम होता है, इसलिए अर्थपूर्ण संप्रेषण पर ध्यान देना चाहिए।","प्रारंभिक स्तर पर भाषा का मुख्य उद्देश्य संप्रेषण है। बार-बार टोकने से बच्चे का आत्मविश्वास कम होता है, इसलिए अर्थपूर्ण संप्रेषण पर ध्यान देना चाहिए।",CTET2024
Hindi,"लिखित भाषा, मौखिक भाषा की तुलना में कैसी होती है?","लिखित भाषा, मौखिक भाषा की तुलना में कैसी होती है?",कम प्रामाणिक,कम प्रामाणिक,पूरी तरह से व्याकरण-रहित,पूरी तरह से व्याकरण-रहित,"अधिक सचेतन, स्थायी और औपचारिक","अधिक सचेतन, स्थायी और औपचारिक",अधिक अनौपचारिक और परिवर्तनशील,अधिक अनौपचारिक और परिवर्तनशील,2,"लिखित भाषा बोलते समय की जाने वाली भाषा (मौखिक) की तुलना में अधिक सोच-समझकर (सचेतन), व्याकरणिक नियमों से बंधी और औपचारिक होती है।","लिखित भाषा बोलते समय की जाने वाली भाषा (मौखिक) की तुलना में अधिक सोच-समझकर (सचेतन), व्याकरणिक नियमों से बंधी और औपचारिक होती है।",CTET2023
Hindi,भाषा का 'अंतःक्रियात्मक कार्य' (Interactional function) क्या है?,भाषा का 'अंतःक्रियात्मक कार्य' (Interactional function) क्या है?,किसी को आदेश देना,किसी को आदेश देना,दूसरों के साथ सामाजिक संबंध स्थापित करना और बनाए रखना,दूसरों के साथ सामाजिक संबंध स्थापित करना और बनाए रखना,अपनी कल्पना की दुनिया बनाना,अपनी कल्पना की दुनिया बनाना,दुनिया के बारे में जानकारी देना,दुनिया के बारे में जानकारी देना,1,"अंतःक्रियात्मक कार्य का तात्पर्य भाषा का उपयोग करके समाज और समूह में दूसरों के साथ जुड़ना, संबंध बनाना और बनाए रखना है (जैसे अभिवादन करना)।","अंतःक्रियात्मक कार्य का तात्पर्य भाषा का उपयोग करके समाज और समूह में दूसरों के साथ जुड़ना, संबंध बनाना और बनाए रखना है (जैसे अभिवादन करना)।",CTET2022
Hindi,श्रवण कौशल (Listening skill) के विकास और आकलन का सबसे उपयुक्त तरीका क्या है?,श्रवण कौशल (Listening skill) के विकास और आकलन का सबसे उपयुक्त तरीका क्या है?,कठिन शब्दों को बार-बार लिखवाना,कठिन शब्दों को बार-बार लिखवाना,सुनी गई कहानी या घटना को अपने शब्दों में सुनाने के लिए कहना,सुनी गई कहानी या घटना को अपने शब्दों में सुनाने के लिए कहना,बिना समझे केवल ध्वनियों को दोहराना,बिना समझे केवल ध्वनियों को दोहराना,मौन पठन करना,मौन पठन करना,1,"श्रवण कौशल का अर्थ केवल सुनना नहीं, बल्कि सुनकर अर्थ ग्रहण करना है। जब बच्चा कहानी को अपने शब्दों में सुनाता है, तो यह दर्शाता है कि उसने अर्थ समझा है।","श्रवण कौशल का अर्थ केवल सुनना नहीं, बल्कि सुनकर अर्थ ग्रहण करना है। जब बच्चा कहानी को अपने शब्दों में सुनाता है, तो यह दर्शाता है कि उसने अर्थ समझा है।",CTET2022
Hindi,कक्षा में बच्चों को कहानी सुनाने का मुख्य शैक्षिक उद्देश्य क्या है?,कक्षा में बच्चों को कहानी सुनाने का मुख्य शैक्षिक उद्देश्य क्या है?,उन्हें व्याकरण के नियम सिखाना,उन्हें व्याकरण के नियम सिखाना,उनका मनोरंजन करके उन्हें शांत रखना,उनका मनोरंजन करके उन्हें शांत रखना,"उनकी कल्पना शक्ति, सृजनात्मकता और श्रवण कौशल का विकास करना","उनकी कल्पना शक्ति, सृजनात्मकता और श्रवण कौशल का विकास करना",उनसे कहानी को ज्यों का त्यों रटवाना,उनसे कहानी को ज्यों का त्यों रटवाना,2,"कहानियाँ बच्चों को सोचने, कल्पना करने और ध्वनियों/शब्दों को ध्यान से सुनने के लिए प्रेरित करती हैं, जो उनके सर्वांगीण भाषाई विकास में सहायक है।","कहानियाँ बच्चों को सोचने, कल्पना करने और ध्वनियों/शब्दों को ध्यान से सुनने के लिए प्रेरित करती हैं, जो उनके सर्वांगीण भाषाई विकास में सहायक है।",CTET2025
Hindi,'भाषा दुनिया के बारे में हमारे ज्ञान और अनुभव को आकार देती है।' यह कथन भाषा की किस भूमिका को दर्शाता है?,'भाषा दुनिया के बारे में हमारे ज्ञान और अनुभव को आकार देती है।' यह कथन भाषा की किस भूमिका को दर्शाता है?,अनावश्यक बाधा के रूप में,अनावश्यक बाधा के रूप में,केवल ध्वनियों का समूह,केवल ध्वनियों का समूह,संज्ञानात्मक उपकरण (Cognitive tool) के रूप में,संज्ञानात्मक उपकरण (Cognitive tool) के रूप में,केवल संप्रेषण का माध्यम,केवल संप्रेषण का माध्यम,2,"भाषा हमारे सोचने और दुनिया को समझने के तरीके को प्रभावित करती है, इसलिए इसे विचार निर्माण का एक शक्तिशाली संज्ञानात्मक उपकरण माना जाता है।","भाषा हमारे सोचने और दुनिया को समझने के तरीके को प्रभावित करती है, इसलिए इसे विचार निर्माण का एक शक्तिशाली संज्ञानात्मक उपकरण माना जाता है।",CTET2025
Hindi,एक शिक्षिका बच्चों को समूह में किसी विषय पर चर्चा करने के लिए कहती है। यहाँ भाषा का उपयोग किस रूप में हो रहा है?,एक शिक्षिका बच्चों को समूह में किसी विषय पर चर्चा करने के लिए कहती है। यहाँ भाषा का उपयोग किस रूप में हो रहा है?,सामाजिक अंतःक्रिया और विचारों के आदान-प्रदान के उपकरण के रूप में,सामाजिक अंतःक्रिया और विचारों के आदान-प्रदान के उपकरण के रूप में,अनुशासन बनाए रखने के साधन के रूप में,अनुशासन बनाए रखने के साधन के रूप में,केवल याद करने के साधन के रूप में,केवल याद करने के साधन के रूप में,लिखित अभिव्यक्ति के साधन के रूप में,लिखित अभिव्यक्ति के साधन के रूप में,0,"समूह चर्चा में बच्चे अपने विचार साझा करते हैं और दूसरों के विचार सुनते हैं, जिससे भाषा एक सामाजिक अंतःक्रिया और संप्रेषण के उपकरण का कार्य करती है।","समूह चर्चा में बच्चे अपने विचार साझा करते हैं और दूसरों के विचार सुनते हैं, जिससे भाषा एक सामाजिक अंतःक्रिया और संप्रेषण के उपकरण का कार्य करती है।",CTET2022
Hindi,'यद्यपि' शब्द का सही संधि विच्छेद क्या होगा?,'यद्यपि' शब्द का सही संधि विच्छेद क्या होगा?,यदी + पि,यदी + पि,यद् + अपि,यद् + अपि,यदि + अपि,यदि + अपि,यद्य + अपि,यद्य + अपि,2,"'यद्यपि' में यण स्वर संधि है, जिसका सही विच्छेद 'यदि + अपि' होता है (इ + अ = य)।","'यद्यपि' में यण स्वर संधि है, जिसका सही विच्छेद 'यदि + अपि' होता है (इ + अ = य)।",DSSSB2022
Hindi,'त्रिभुवन' शब्द में कौन-सा समास है?,'त्रिभुवन' शब्द में कौन-सा समास है?,द्विगु समास,द्विगु समास,कर्मधारय समास,कर्मधारय समास,द्वंद्व समास,द्वंद्व समास,बहुव्रीहि समास,बहुव्रीहि समास,0,"'त्रिभुवन' का अर्थ है 'तीन भुवनों (लोकों) का समूह'। इसका पहला पद संख्यावाचक है, अतः यह द्विगु समास है।","'त्रिभुवन' का अर्थ है 'तीन भुवनों (लोकों) का समूह'। इसका पहला पद संख्यावाचक है, अतः यह द्विगु समास है।",KVS2023
Hindi,'पीपर पात सरिस मन डोला' - इस काव्य पंक्ति में कौन-सा अलंकार प्रयुक्त हुआ है?,'पीपर पात सरिस मन डोला' - इस काव्य पंक्ति में कौन-सा अलंकार प्रयुक्त हुआ है?,उपमा अलंकार,उपमा अलंकार,रूपक अलंकार,रूपक अलंकार,उत्प्रेक्षा अलंकार,उत्प्रेक्षा अलंकार,श्लेष अलंकार,श्लेष अलंकार,0,"यहाँ मन की चंचलता की तुलना पीपल के पत्ते से की गई है ('सरिस' वाचक शब्द है), इसलिए यहाँ उपमा अलंकार है।","यहाँ मन की चंचलता की तुलना पीपल के पत्ते से की गई है ('सरिस' वाचक शब्द है), इसलिए यहाँ उपमा अलंकार है।",UPTET2022
Hindi,'शृंगार रस' का स्थायी भाव क्या माना जाता है?,'शृंगार रस' का स्थायी भाव क्या माना जाता है?,रति,रति,हास,हास,उत्साह,उत्साह,क्रोध,क्रोध,0,"शृंगार रस को 'रसराज' कहा जाता है, जिसका स्थायी भाव 'रति' (प्रेम) होता है।","शृंगार रस को 'रसराज' कहा जाता है, जिसका स्थायी भाव 'रति' (प्रेम) होता है।",
Hindi,'दोहा' छंद के प्रथम और तृतीय चरण में कितनी-कितनी मात्राएँ होती हैं?,'दोहा' छंद के प्रथम और तृतीय चरण में कितनी-कितनी मात्राएँ होती हैं?,11-11 मात्राएँ,11-11 मात्राएँ,13-13 मात्राएँ,13-13 मात्राएँ,24-24 मात्राएँ,24-24 मात्राएँ,16-16 मात्राएँ,16-16 मात्राएँ,1,दोहा एक अर्धसम मात्रिक छंद है। इसके विषम (प्रथम और तृतीय) चरणों में 13-13 तथा सम (द्वितीय और चतुर्थ) चरणों में 11-11 मात्राएँ होती हैं।,दोहा एक अर्धसम मात्रिक छंद है। इसके विषम (प्रथम और तृतीय) चरणों में 13-13 तथा सम (द्वितीय और चतुर्थ) चरणों में 11-11 मात्राएँ होती हैं।,
Hindi,'ईद का चाँद होना' मुहावरे का सही अर्थ क्या है?,'ईद का चाँद होना' मुहावरे का सही अर्थ क्या है?,बहुत सुंदर होना,बहुत सुंदर होना,चाँद की पूजा करना,चाँद की पूजा करना,बहुत दिनों बाद दिखाई देना,बहुत दिनों बाद दिखाई देना,त्योहार मनाना,त्योहार मनाना,2,'ईद का चाँद होना' मुहावरे का अर्थ है किसी व्यक्ति का बहुत लंबे समय या कठिनाई के बाद दिखाई देना।,'ईद का चाँद होना' मुहावरे का अर्थ है किसी व्यक्ति का बहुत लंबे समय या कठिनाई के बाद दिखाई देना।,
Hindi,'नाच न जाने आँगन टेढ़ा' लोकोक्ति का सटीक अर्थ क्या है?,'नाच न जाने आँगन टेढ़ा' लोकोक्ति का सटीक अर्थ क्या है?,आँगन में नाचना,आँगन में नाचना,अपनी कमी या अयोग्यता छिपाने के लिए साधनों या दूसरों में दोष निकालना,अपनी कमी या अयोग्यता छिपाने के लिए साधनों या दूसरों में दोष निकालना,टेढ़े आँगन में गिर जाना,टेढ़े आँगन में गिर जाना,बुरा नृत्य करना,बुरा नृत्य करना,1,"जब कोई व्यक्ति अपना काम ठीक से नहीं कर पाता और अपनी असफलता का दोष परिस्थितियों या उपकरणों पर मढ़ता है, तब इस लोकोक्ति का प्रयोग होता है।","जब कोई व्यक्ति अपना काम ठीक से नहीं कर पाता और अपनी असफलता का दोष परिस्थितियों या उपकरणों पर मढ़ता है, तब इस लोकोक्ति का प्रयोग होता है।",
Hindi,निम्नलिखित में से कौन-सा शब्द 'आँख' का पर्यायवाची नहीं है?,निम्नलिखित में से कौन-सा शब्द 'आँख' का पर्यायवाची नहीं है?,चक्षु,चक्षु,अनल,अनल,लोचन,लोचन,नयन,नयन,1,"'अनल' आग (अग्नि) का पर्यायवाची है, जबकि चक्षु, नयन और लोचन आँख के पर्यायवाची हैं।","'अनल' आग (अग्नि) का पर्यायवाची है, जबकि चक्षु, नयन और लोचन आँख के पर्यायवाची हैं।",
Hindi,'उत्थान' शब्द का सही विलोम शब्द क्या होगा?,'उत्थान' शब्द का सही विलोम शब्द क्या होगा?,प्रस्थान,प्रस्थान,पतन,पतन,उन्नति,उन्नति,विनाश,विनाश,1,"'उत्थान' का अर्थ होता है ऊपर उठना या विकास होना, जिसका विपरीत अर्थ 'पतन' (नीचे गिरना) होता है।","'उत्थान' का अर्थ होता है ऊपर उठना या विकास होना, जिसका विपरीत अर्थ 'पतन' (नीचे गिरना) होता है।",
Hindi,"'भाषा केवल संप्रेषण का माध्यम नहीं है, बल्कि यह हमारे सोचने और महसूस करने के तरीके को भी आकार देती है। जब बच्चा बोलना सीखता है, तो वह केवल शब्द नहीं सीखता, बल्कि अपनी संस्कृति की खिड़की भी खोलता है। भाषा के माध्यम से ही हम अपनी पहचान बनाते हैं और समाज में अपना स्थान सुनिश्चित करते हैं। इसीलिए बच्चों के भाषाई विकास को एक सामाजिक प्रक्रिया माना गया है।' - गद्यांश के अनुसार, भाषा हमारे संप्रेषण के अलावा और किसे आकार देती है?","'भाषा केवल संप्रेषण का माध्यम नहीं है, बल्कि यह हमारे सोचने और महसूस करने के तरीके को भी आकार देती है। जब बच्चा बोलना सीखता है, तो वह केवल शब्द नहीं सीखता, बल्कि अपनी संस्कृति की खिड़की भी खोलता है। भाषा के माध्यम से ही हम अपनी पहचान बनाते हैं और समाज में अपना स्थान सुनिश्चित करते हैं। इसीलिए बच्चों के भाषाई विकास को एक सामाजिक प्रक्रिया माना गया है।' - गद्यांश के अनुसार, भाषा हमारे संप्रेषण के अलावा और किसे आकार देती है?",केवल हमारे शारीरिक विकास को,केवल हमारे शारीरिक विकास को,हमारे आर्थिक स्तर को,हमारे आर्थिक स्तर को,केवल रोजगार के अवसरों को,केवल रोजगार के अवसरों को,सोचने और महसूस करने के तरीके को,सोचने और महसूस करने के तरीके को,3,गद्यांश की पहली ही पंक्ति में स्पष्ट लिखा है कि भाषा हमारे सोचने और महसूस करने के तरीके को भी आकार देती है।,गद्यांश की पहली ही पंक्ति में स्पष्ट लिखा है कि भाषा हमारे सोचने और महसूस करने के तरीके को भी आकार देती है।,CTET2025
Hindi,"'भाषा केवल संप्रेषण का माध्यम नहीं है, बल्कि यह हमारे सोचने और महसूस करने के तरीके को भी आकार देती है। जब बच्चा बोलना सीखता है, तो वह केवल शब्द नहीं सीखता, बल्कि अपनी संस्कृति की खिड़की भी खोलता है। भाषा के माध्यम से ही हम अपनी पहचान बनाते हैं और समाज में अपना स्थान सुनिश्चित करते हैं। इसीलिए बच्चों के भाषाई विकास को एक सामाजिक प्रक्रिया माना गया है।' - बच्चा जब बोलना सीखता है, तो वह शब्दों के साथ और क्या सीखता है?","'भाषा केवल संप्रेषण का माध्यम नहीं है, बल्कि यह हमारे सोचने और महसूस करने के तरीके को भी आकार देती है। जब बच्चा बोलना सीखता है, तो वह केवल शब्द नहीं सीखता, बल्कि अपनी संस्कृति की खिड़की भी खोलता है। भाषा के माध्यम से ही हम अपनी पहचान बनाते हैं और समाज में अपना स्थान सुनिश्चित करते हैं। इसीलिए बच्चों के भाषाई विकास को एक सामाजिक प्रक्रिया माना गया है।' - बच्चा जब बोलना सीखता है, तो वह शब्दों के साथ और क्या सीखता है?",तकनीकी ज्ञान,तकनीकी ज्ञान,विदेशी भाषाएं,विदेशी भाषाएं,अपनी संस्कृति की खिड़की खोलता है,अपनी संस्कृति की खिड़की खोलता है,केवल व्याकरण,केवल व्याकरण,2,"गद्यांश के अनुसार, बोलना सीखते समय बच्चा केवल शब्द नहीं सीखता, बल्कि अपनी संस्कृति की खिड़की भी खोलता है।","गद्यांश के अनुसार, बोलना सीखते समय बच्चा केवल शब्द नहीं सीखता, बल्कि अपनी संस्कृति की खिड़की भी खोलता है।",CTET2024
Hindi,"'भाषा केवल संप्रेषण का माध्यम नहीं है, बल्कि यह हमारे सोचने और महसूस करने के तरीके को भी आकार देती है। যখন बच्चा बोलना सीखता है, तो वह केवल शब्द नहीं सीखता, बल्कि अपनी संस्कृति की खिड़की भी खोलता है। भाषा के माध्यम से ही हम अपनी पहचान बनाते हैं और समाज में अपना स्थान सुनिश्चित करते हैं। इसीलिए बच्चों के भाषाई विकास को एक सामाजिक प्रक्रिया माना गया है।' - समाज में अपना स्थान सुनिश्चित करने और पहचान बनाने का माध्यम क्या है?","'भाषा केवल संप्रेषण का माध्यम नहीं है, बल्कि यह हमारे सोचने और महसूस करने के तरीके को भी आकार देती है। जब बच्चा बोलना सीखता है, तो वह केवल शब्द नहीं सीखता, बल्कि अपनी संस्कृति की खिड़की भी खोलता है। भाषा के माध्यम से ही हम अपनी पहचान बनाते हैं और समाज में अपना स्थान सुनिश्चित करते हैं। इसीलिए बच्चों के भाषाई विकास को एक सामाजिक प्रक्रिया माना गया है।' - समाज में अपना स्थान सुनिश्चित करने और पहचान बनाने का माध्यम क्या है?",शारीरिक बल,शारीरिक बल,भाषा,भाषा,राजनीति,राजनीति,धन,धन,1,गद्यांश में स्पष्ट रूप से बताया गया है कि भाषा के माध्यम से ही हम अपनी पहचान बनाते हैं और समाज में अपना स्थान सुनिश्चित करते हैं।,गद्यांश में स्पष्ट रूप से बताया गया है कि भाषा के माध्यम से ही हम अपनी पहचान बनाते हैं और समाज में अपना स्थान सुनिश्चित करते हैं।,CTET2025
Hindi,"'भाषा केवल संप्रेषण का माध्यम नहीं है, बल्कि यह हमारे सोचने और महसूस करने के तरीके को भी आकार देती है। जब बच्चा बोलना सीखता है, तो वह केवल शब्द नहीं सीखता, बल्कि अपनी संस्कृति की खिड़की भी खोलता है। भाषा के माध्यम से ही हम अपनी पहचान बनाते हैं और समाज में अपना स्थान सुनिश्चित करते हैं। इसीलिए बच्चों के भाषाई विकास को एक सामाजिक प्रक्रिया माना गया है।' - गद्यांश में बच्चों के भाषाई विकास को कैसी प्रक्रिया माना गया है?","'भाषा केवल संप्रेषण का माध्यम नहीं है, बल्कि यह हमारे सोचने और महसूस करने के तरीके को भी आकार देती है। जब बच्चा बोलना सीखता है, तो वह केवल शब्द नहीं सीखता, बल्कि अपनी संस्कृति की खिड़की भी खोलता है। भाषा के माध्यम से ही हम अपनी पहचान बनाते हैं और समाज में अपना स्थान सुनिश्चित करते हैं। इसीलिए बच्चों के भाषाई विकास को एक सामाजिक प्रक्रिया माना गया है।' - गद्यांश में बच्चों के भाषाई विकास को कैसी प्रक्रिया माना गया है?",राजनीतिक प्रक्रिया,राजनीतिक प्रक्रिया,आर्थिक प्रक्रिया,आर्थिक प्रक्रिया,सामाजिक प्रक्रिया,सामाजिक प्रक्रिया,जैविक प्रक्रिया,जैविक प्रक्रिया,2,गद्यांश के अंतिम वाक्य में स्पष्ट है कि बच्चों के भाषाई विकास को एक सामाजिक प्रक्रिया माना गया है।,गद्यांश के अंतिम वाक्य में स्पष्ट है कि बच्चों के भाषाई विकास को एक सामाजिक प्रक्रिया माना गया है।,CTET2025
Hindi,"'भाषा केवल संप्रेषण का माध्यम नहीं है, बल्कि यह हमारे सोचने और महसूस करने के तरीके को भी आकार देती है। जब बच्चा बोलना सीखता है, तो वह केवल शब्द नहीं सीखता, बल्कि अपनी संस्कृति की खिड़की भी खोलता है। भाषा के माध्यम से ही हम अपनी पहचान बनाते हैं और समाज में अपना स्थान सुनिश्चित करते हैं। इसीलिए बच्चों के भाषाई विकास को एक सामाजिक प्रक्रिया माना गया है।' - 'सामाजिक' शब्द में मूल शब्द और प्रत्यय क्या है?","'भाषा केवल संप्रेषण का माध्यम नहीं है, बल्कि यह हमारे सोचने और महसूस करने के तरीके को भी आकार देती है। जब बच्चा बोलना सीखता है, तो वह केवल शब्द नहीं सीखता, बल्कि अपनी संस्कृति की खिड़की भी खोलता है। भाषा के माध्यम से ही हम अपनी पहचान बनाते हैं और समाज में अपना स्थान सुनिश्चित करते हैं। इसीलिए बच्चों के भाषाई विकास को एक सामाजिक प्रक्रिया माना गया है।' - 'सामाजिक' शब्द में मूल शब्द और प्रत्यय क्या है?",सामाज + इक,सामाज + इक,सम + आजिक,सम + आजिक,समाज + इक,समाज + इक,समाज + ईक,समाज + ईक,2,'सामाजिक' शब्द में मूल शब्द 'समाज' है और इसमें 'इक' प्रत्यय लगा है (समाज + इक = सामाजिक)।,'सामाजिक' शब्द में मूल शब्द 'समाज' है और इसमें 'इक' प्रत्यय लगा है (समाज + इक = सामाजिक)।,CTET2025
Hindi,पठन कौशल के अंतर्गत 'सरसरी दृष्टि से पढ़ना' (Skimming) का मुख्य उद्देश्य क्या होता है?,पठन कौशल के अंतर्गत 'सरसरी दृष्टि से पढ़ना' (Skimming) का मुख्य उद्देश्य क्या होता है?,पाठ का सामान्य अर्थ या मुख्य विचार (सार) समझना,पाठ का सामान्य अर्थ या मुख्य विचार (सार) समझना,पाठ में छिपी किसी विशिष्ट जानकारी को खोजना,पाठ में छिपी किसी विशिष्ट जानकारी को खोजना,व्याकरण के नियमों की पहचान करना,व्याकरण के नियमों की पहचान करना,प्रत्येक शब्द का अर्थ कंठस्थ करना,प्रत्येक शब्द का अर्थ कंठस्थ करना,0,स्किमिंग (Skimming) का अर्थ है पूरे पाठ पर तेजी से नज़र डालकर उसका सार या मुख्य विचार समझना।,स्किमिंग (Skimming) का अर्थ है पूरे पाठ पर तेजी से नज़र डालकर उसका सार या मुख्य विचार समझना।,CTET2024
Hindi,लेखन कौशल के 'प्रक्रिया उपागम' (Process Approach) का पहला चरण कौन-सा है?,लेखन कौशल के 'प्रक्रिया उपागम' (Process Approach) का पहला चरण कौन-सा है?,प्रारूपण (Drafting),प्रारूपण (Drafting),संपादन (Editing),संपादन (Editing),मानस मंथन (Brainstorming),मानस मंथन (Brainstorming),समीक्षा (Reviewing),समीक्षा (Reviewing),2,"प्रक्रिया उपागम में लिखने से पहले विचारों को इकट्ठा किया जाता है, जिसे 'मानस मंथन' या 'विचारोत्तेजन' (Brainstorming) कहते हैं।","प्रक्रिया उपागम में लिखने से पहले विचारों को इकट्ठा किया जाता है, जिसे 'मानस मंथन' या 'विचारोत्तेजन' (Brainstorming) कहते हैं।",CTET2024
Hindi,"चारों भाषा कौशलों (सुनना, बोलना, पढ़ना, लिखना) के संबंध में कौन-सा कथन सर्वाधिक उपयुक्त है?","चारों भाषा कौशलों (सुनना, बोलना, पढ़ना, लिखना) के संबंध में कौन-सा कथन सर्वाधिक उपयुक्त है?","पढ़ना और लिखना सबसे महत्वपूर्ण है, सुनना-बोलना नहीं।","पढ़ना और लिखना सबसे महत्वपूर्ण है, सुनना-बोलना नहीं।",ये कौशल एक-दूसरे से स्वतंत्र होते हैं।,ये कौशल एक-दूसरे से स्वतंत्र होते हैं।,ये सभी कौशल अंतःसंबंधित होते हैं और एक-दूसरे को प्रभावित करते हैं।,ये सभी कौशल अंतःसंबंधित होते हैं और एक-दूसरे को प्रभावित करते हैं।,ये कौशल केवल एक निश्चित क्रम में ही सीखे जाते हैं।,ये कौशल केवल एक निश्चित क्रम में ही सीखे जाते हैं।,2,सभी भाषा कौशल (LSRW) आपस में जुड़े हुए (अंतःसंबंधित) हैं; एक कौशल का विकास दूसरे कौशल के विकास में सहायता करता है।,सभी भाषा कौशल (LSRW) आपस में जुड़े हुए (अंतःसंबंधित) हैं; एक कौशल का विकास दूसरे कौशल के विकास में सहायता करता है।,CTET2023
Hindi,प्राथमिक स्तर पर व्याकरण शिक्षण की सबसे प्रभावी और मनोवैज्ञानिक विधि कौन-सी है?,प्राथमिक स्तर पर व्याकरण शिक्षण की सबसे प्रभावी और मनोवैज्ञानिक विधि कौन-सी है?,संदर्भ में व्याकरण (आगमन विधि),संदर्भ में व्याकरण (आगमन विधि),सूत्र विधि,सूत्र विधि,निगमन विधि,निगमन विधि,पाठ्यपुस्तक विधि,पाठ्यपुस्तक विधि,0,प्राथमिक स्तर पर बच्चों को नियमों के बजाय भाषा के प्रयोग और संदर्भ के माध्यम से (उदाहरणों से) व्याकरण सिखाना सबसे प्रभावी होता है।,प्राथमिक स्तर पर बच्चों को नियमों के बजाय भाषा के प्रयोग और संदर्भ के माध्यम से (उदाहरणों से) व्याकरण सिखाना सबसे प्रभावी होता है।,CTET2025
Hindi,भाषा की कक्षा में बच्चों द्वारा की जाने वाली त्रुटियों (Errors) को किस रूप में देखा जाना चाहिए?,भाषा की कक्षा में बच्चों द्वारा की जाने वाली त्रुटियों (Errors) को किस रूप में देखा जाना चाहिए?,इन्हें तुरंत कठोरता से सुधारना चाहिए।,इन्हें तुरंत कठोरता से सुधारना चाहिए।,यह बच्चों की लापरवाही का परिणाम है।,यह बच्चों की लापरवाही का परिणाम है।,यह शिक्षक की असफलता का प्रमाण है।,यह शिक्षक की असफलता का प्रमाण है।,"यह अधिगम प्रक्रिया का एक स्वाभाविक हिस्सा है, जो उनके सोचने के तरीके को दर्शाता है।","यह अधिगम प्रक्रिया का एक स्वाभाविक हिस्सा है, जो उनके सोचने के तरीके को दर्शाता है।",3,"त्रुटियां सीखने की प्रक्रिया का एक महत्वपूर्ण हिस्सा (Window to mind) हैं, जो शिक्षक को यह समझने में मदद करती हैं कि बच्चा कैसे सीख रहा है।","त्रुटियां सीखने की प्रक्रिया का एक महत्वपूर्ण हिस्सा (Window to mind) हैं, जो शिक्षक को यह समझने में मदद करती हैं कि बच्चा कैसे सीख रहा है।",CTET2023
Hindi,'डिस्लेक्सिया' (Dyslexia) मुख्य रूप से भाषा के किस कौशल से संबंधित विकार है?,'डिस्लेक्सिया' (Dyslexia) मुख्य रूप से भाषा के किस कौशल से संबंधित विकार है?,पढ़ने में कठिनाई (पठन वैकल्य),पढ़ने में कठिनाई (पठन वैकल्य),सुनने में कठिनाई,सुनने में कठिनाई,लिखने में कठिनाई,लिखने में कठिनाई,बोलने में कठिनाई,बोलने में कठिनाई,0,"डिस्लेक्सिया एक पठन विकार (Reading disorder) है, जिसमें बच्चे को अक्षरों को पहचानने और प्रवाह के साथ पढ़ने में कठिनाई होती है।","डिस्लेक्सिया एक पठन विकार (Reading disorder) है, जिसमें बच्चे को अक्षरों को पहचानने और प्रवाह के साथ पढ़ने में कठिनाई होती है।",CTET2024
Hindi,भाषायी विविधता (Multilingualism) वाली कक्षा में एक शिक्षक को क्या करना चाहिए?,भाषायी विविधता (Multilingualism) वाली कक्षा में एक शिक्षक को क्या करना चाहिए?,बच्चों की मातृभाषाओं का सम्मान करते हुए उन्हें एक संसाधन के रूप में प्रयोग करना चाहिए।,बच्चों की मातृभाषाओं का सम्मान करते हुए उन्हें एक संसाधन के रूप में प्रयोग करना चाहिए।,केवल विद्यालय की मानक भाषा पर जोर देना चाहिए।,केवल विद्यालय की मानक भाषा पर जोर देना चाहिए।,भाषायी विविधता को एक बड़ी समस्या मानना चाहिए।,भाषायी विविधता को एक बड़ी समस्या मानना चाहिए।,मातृभाषा के प्रयोग पर सख्त पाबंदी लगानी चाहिए।,मातृभाषा के प्रयोग पर सख्त पाबंदी लगानी चाहिए।,0,"बहुभाषिकता को हमेशा एक संसाधन (Asset) और संज्ञानात्मक विकास के साधन के रूप में उपयोग करना चाहिए, न कि बाधा के रूप में।","बहुभाषिकता को हमेशा एक संसाधन (Asset) और संज्ञानात्मक विकास के साधन के रूप में उपयोग करना चाहिए, न कि बाधा के रूप में।",CTET2022
Hindi,भाषा शिक्षण में 'प्रामाणिक सामग्री' (Authentic Materials) का सबसे अच्छा उदाहरण कौन-सा है?,भाषा शिक्षण में 'प्रामाणिक सामग्री' (Authentic Materials) का सबसे अच्छा उदाहरण कौन-सा है?,भाषा अधिगम के लिए विशेष रूप से तैयार किया गया निबंध,भाषा अधिगम के लिए विशेष रूप से तैयार किया गया निबंध,शिक्षक द्वारा लिखी गई व्याकरण की पुस्तक,शिक्षक द्वारा लिखी गई व्याकरण की पुस्तक,रेलवे का टाइम-टेबल या समाचार पत्र का लेख,रेलवे का टाइम-टेबल या समाचार पत्र का लेख,छात्रों की उत्तर पुस्तिका,छात्रों की उत्तर पुस्तिका,2,"प्रामाणिक सामग्री वह होती है जो वास्तविक जीवन के संदर्भ में लिखी जाती है (जैसे- मेनू कार्ड, अखबार, विज्ञापन), न कि केवल भाषा सिखाने के उद्देश्य से।","प्रामाणिक सामग्री वह होती है जो वास्तविक जीवन के संदर्भ में लिखी जाती है (जैसे- मेनू कार्ड, अखबार, विज्ञापन), न कि केवल भाषा सिखाने के उद्देश्य से।",CTET2024
Hindi,भाषा की कक्षा में 'पाठ्यपुस्तक' की क्या भूमिका होती है?,भाषा की कक्षा में 'पाठ्यपुस्तक' की क्या भूमिका होती है?,यह एकमात्र और अंतिम संसाधन है।,यह एकमात्र और अंतिम संसाधन है।,यह भाषा सीखने का साध्य है।,यह भाषा सीखने का साध्य है।,इसका भाषा शिक्षण में कोई महत्व नहीं है।,इसका भाषा शिक्षण में कोई महत्व नहीं है।,यह भाषा सीखने के कई संसाधनों में से एक महत्वपूर्ण साधन है।,यह भाषा सीखने के कई संसाधनों में से एक महत्वपूर्ण साधन है।,3,"पाठ्यपुस्तक भाषा शिक्षण का एक 'साधन' (Tool) है, 'साध्य' (Ultimate goal) नहीं। शिक्षक को इसके अलावा भी अन्य सामग्री का प्रयोग करना चाहिए।","पाठ्यपुस्तक भाषा शिक्षण का एक 'साधन' (Tool) है, 'साध्य' (Ultimate goal) नहीं। शिक्षक को इसके अलावा भी अन्य सामग्री का प्रयोग करना चाहिए।",CTET2025
Hindi,निदानात्मक परीक्षण (Diagnostic Test) का मुख्य उद्देश्य क्या होता है?,निदानात्मक परीक्षण (Diagnostic Test) का मुख्य उद्देश्य क्या होता है?,छात्रों को अगली कक्षा में प्रोन्नत करना,छात्रों को अगली कक्षा में प्रोन्नत करना,छात्रों के अधिगम में रह गई कमियों और कठिनाइयों की पहचान करना,छात्रों के अधिगम में रह गई कमियों और कठिनाइयों की पहचान करना,छात्रों को ग्रेड और अंक प्रदान करना,छात्रों को ग्रेड और अंक प्रदान करना,अभिभावकों को छात्रों की शिकायत करना,अभिभावकों को छात्रों की शिकायत करना,1,निदानात्मक परीक्षण (Diagnosis) का उद्देश्य छात्रों के सीखने की प्रक्रिया में आने वाली विशिष्ट बाधाओं और कमियों का पता लगाना है।,निदानात्मक परीक्षण (Diagnosis) का उद्देश्य छात्रों के सीखने की प्रक्रिया में आने वाली विशिष्ट बाधाओं और कमियों का पता लगाना है।,CTET2023
Hindi,उपचारात्मक शिक्षण (Remedial Teaching) कब किया जाना चाहिए?,उपचारात्मक शिक्षण (Remedial Teaching) कब किया जाना चाहिए?,केवल परीक्षा के एक दिन पहले,केवल परीक्षा के एक दिन पहले,सत्र की शुरुआत में,सत्र की शुरुआत में,निदानात्मक परीक्षण द्वारा कठिनाइयों की पहचान के बाद,निदानात्मक परीक्षण द्वारा कठिनाइयों की पहचान के बाद,सत्र के बिल्कुल अंत में,सत्र के बिल्कुल अंत में,2,"पहले निदान (कठिनाई की पहचान) किया जाता है, उसके बाद उन कमियों को दूर करने के लिए उपचारात्मक शिक्षण (Remedy) दिया जाता है।","पहले निदान (कठिनाई की पहचान) किया जाता है, उसके बाद उन कमियों को दूर करने के लिए उपचारात्मक शिक्षण (Remedy) दिया जाता है।",CTET2024
Hindi,सतत एवं व्यापक मूल्यांकन (CCE) में 'व्यापक' (Comprehensive) शब्द का क्या तात्पर्य है?,सतत एवं व्यापक मूल्यांकन (CCE) में 'व्यापक' (Comprehensive) शब्द का क्या तात्पर्य है?,छात्रों के शैक्षिक (Scholastic) और सह-शैक्षिक (Co-scholastic) दोनों पक्षों का मूल्यांकन,छात्रों के शैक्षिक (Scholastic) और सह-शैक्षिक (Co-scholastic) दोनों पक्षों का मूल्यांकन,पूरे वर्ष लगातार परीक्षा लेना,पूरे वर्ष लगातार परीक्षा लेना,पूरे पाठ्यक्रम की एक साथ परीक्षा लेना,पूरे पाठ्यक्रम की एक साथ परीक्षा लेना,केवल रटने की क्षमता का मूल्यांकन,केवल रटने की क्षमता का मूल्यांकन,0,"'व्यापक' का अर्थ है बच्चे के सर्वांगीण विकास का आकलन करना, जिसमें किताबी ज्ञान (शैक्षिक) के साथ-साथ खेल, व्यवहार आदि (सह-शैक्षिक) शामिल हैं।","'व्यापक' का अर्थ है बच्चे के सर्वांगीण विकास का आकलन करना, जिसमें किताबी ज्ञान (शैक्षिक) के साथ-साथ खेल, व्यवहार आदि (सह-शैक्षिक) शामिल हैं।",CTET2024
Hindi,भाषा आकलन में 'पोर्टफोलियो' (Portfolio) का उपयोग क्यों किया जाता है?,भाषा आकलन में 'पोर्टफोलियो' (Portfolio) का उपयोग क्यों किया जाता है?,इसमें केवल वार्षिक परीक्षा के अंक रखे जाते हैं।,इसमें केवल वार्षिक परीक्षा के अंक रखे जाते हैं।,यह समय के साथ बच्चे के क्रमिक विकास और प्रगति का दस्तावेजी रिकॉर्ड होता है।,यह समय के साथ बच्चे के क्रमिक विकास और प्रगति का दस्तावेजी रिकॉर्ड होता है।,यह एक ही दिन में बच्चे की योग्यता नापने का साधन है।,यह एक ही दिन में बच्चे की योग्यता नापने का साधन है।,यह केवल शिक्षक के मूल्यांकन के लिए है।,यह केवल शिक्षक के मूल्यांकन के लिए है।,1,"पोर्टफोलियो बच्चों के कार्यों (जैसे- चित्र, लेख, वर्कशीट) का एक व्यवस्थित संग्रह है, जो उनके क्रमिक विकास को दर्शाता है।","पोर्टफोलियो बच्चों के कार्यों (जैसे- चित्र, लेख, वर्कशीट) का एक व्यवस्थित संग्रह है, जो उनके क्रमिक विकास को दर्शाता है।",CTET2023
Hindi,भाषा आकलन का प्राथमिक उद्देश्य क्या होना चाहिए?,भाषा आकलन का प्राथमिक उद्देश्य क्या होना चाहिए?,बच्चों की व्याकरणिक गलतियों को गिनना,बच्चों की व्याकरणिक गलतियों को गिनना,विभिन्न संदर्भों में बच्चों की भाषा प्रयोग की क्षमता का आकलन करना,विभिन्न संदर्भों में बच्चों की भाषा प्रयोग की क्षमता का आकलन करना,कक्षा में प्रथम आने वाले छात्र का चुनाव करना,कक्षा में प्रथम आने वाले छात्र का चुनाव करना,बच्चों को पास या फेल घोषित करना,बच्चों को पास या फेल घोषित करना,1,"भाषा का मुख्य कार्य संप्रेषण है, अतः आकलन का उद्देश्य यह जांचना होना चाहिए कि बच्चा विभिन्न स्थितियों में भाषा का कितना प्रभावी प्रयोग कर पाता है।","भाषा का मुख्य कार्य संप्रेषण है, अतः आकलन का उद्देश्य यह जांचना होना चाहिए कि बच्चा विभिन्न स्थितियों में भाषा का कितना प्रभावी प्रयोग कर पाता है।",CTET2024
Hindi,प्राथमिक स्तर पर बच्चों की पठन क्षमता का आकलन करने के लिए कौन-सी सामग्री सबसे उपयुक्त होगी?,प्राथमिक स्तर पर बच्चों की पठन क्षमता का आकलन करने के लिए कौन-सी सामग्री सबसे उपयुक्त होगी?,वैज्ञानिक शोध पत्र,वैज्ञानिक शोध पत्र,बाल-साहित्य की कोई रोचक कहानी,बाल-साहित्य की कोई रोचक कहानी,संस्कृत के श्लोक,संस्कृत के श्लोक,कठिन व्याकरणिक नियमों वाला पाठ,कठिन व्याकरणिक नियमों वाला पाठ,1,प्राथमिक स्तर पर रोचक कहानियों या बाल-साहित्य के माध्यम से पठन क्षमता का आकलन सबसे स्वाभाविक और प्रभावी होता है।,प्राथमिक स्तर पर रोचक कहानियों या बाल-साहित्य के माध्यम से पठन क्षमता का आकलन सबसे स्वाभाविक और प्रभावी होता है।,CTET2024
Hindi,'सज्जन' शब्द का सही संधि विच्छेद क्या है?,'सज्जन' शब्द का सही संधि विच्छेद क्या है?,सज + जन,सज + जन,सज्ज् + अन,सज्ज् + अन,सत् + जन,सत् + जन,सद् + जन,सद् + जन,2,"'सज्जन' में व्यंजन संधि है। जब 'त्' के बाद 'ज' आता है, तो 'त्' भी 'ज्' में बदल जाता है (सत् + जन = सज्जन)।","'सज्जन' में व्यंजन संधि है। जब 'त्' के बाद 'ज' आता है, तो 'त्' भी 'ज्' में बदल जाता है (सत् + जन = सज्जन)।",DSSSB2022
Hindi,'दशानन' शब्द में कौन-सा समास है?,'दशानन' शब्द में कौन-सा समास है?,अव्ययीभाव समास,अव्ययीभाव समास,तत्पुरुष समास,तत्पुरुष समास,बहुव्रीहि समास,बहुव्रीहि समास,द्वंद्व समास,द्वंद्व समास,2,"'दस हैं आनन (मुख) जिसके अर्थात् रावण'। यहाँ दोनों पद प्रधान न होकर किसी तीसरे विशेष अर्थ (रावण) की ओर संकेत कर रहे हैं, अतः बहुव्रीहि समास है।","'दस हैं आनन (मुख) जिसके अर्थात् रावण'। यहाँ दोनों पद प्रधान न होकर किसी तीसरे विशेष अर्थ (रावण) की ओर संकेत कर रहे हैं, अतः बहुव्रीहि समास है।",KVS2024
Hindi,"'रहिमन पानी राखिए, बिन पानी सब सून। पानी गए न ऊबरे, मोती मानुष चून।' - इस दोहे में कौन-सा अलंकार है?","'रहिमन पानी राखिए, बिन पानी सब सून। पानी गए न ऊबरे, मोती मानुष चून।' - इस दोहे में कौन-सा अलंकार है?",उपमा,उपमा,रूपक,रूपक,यमक,यमक,श्लेष,श्लेष,3,"यहाँ 'पानी' शब्द के तीन अर्थ चिपके हुए हैं- मोती के संदर्भ में चमक, मनुष्य के संदर्भ में सम्मान और चूने के संदर्भ में जल, अतः श्लेष अलंकार है।","यहाँ 'पानी' शब्द के तीन अर्थ चिपके हुए हैं- मोती के संदर्भ में चमक, मनुष्य के संदर्भ में सम्मान और चूने के संदर्भ में जल, अतः श्लेष अलंकार है।",UPTET2024
Hindi,'करुण रस' का स्थायी भाव क्या होता है?,'करुण रस' का स्थायी भाव क्या होता है?,निर्वेद,निर्वेद,शोक,शोक,भय,भय,क्रोध,क्रोध,1,"किसी प्रिय व्यक्ति या वस्तु के छिन जाने पर हृदय में जो दुःख होता है, वह 'शोक' कहलाता है, जो करुण रस का स्थायी भाव है।","किसी प्रिय व्यक्ति या वस्तु के छिन जाने पर हृदय में जो दुःख होता है, वह 'शोक' कहलाता है, जो करुण रस का स्थायी भाव है।",
Hindi,किस छंद को 'दोहे का उल्टा' कहा जाता है?,किस छंद को 'दोहे का उल्टा' कहा जाता है?,रोला,रोला,चौपाई,चौपाई,सोरठा,सोरठा,कुंडलिया,कुंडलिया,2,सोरठा दोहे का ठीक उल्टा होता है। इसके प्रथम और तृतीय चरण में 11-11 मात्राएँ तथा द्वितीय और चतुर्थ चरण में 13-13 मात्राएँ होती हैं।,सोरठा दोहे का ठीक उल्टा होता है। इसके प्रथम और तृतीय चरण में 11-11 मात्राएँ तथा द्वितीय और चतुर्थ चरण में 13-13 मात्राएँ होती हैं।,
Hindi,'गुदड़ी का लाल' मुहावरे का सही अर्थ क्या है?,'गुदड़ी का लाल' मुहावरे का सही अर्थ क्या है?,निर्धन या साधारण परिवार में गुणी व्यक्ति का जन्म,निर्धन या साधारण परिवार में गुणी व्यक्ति का जन्म,अत्यंत सुंदर बालक,अत्यंत सुंदर बालक,बहुत क्रोधित होना,बहुत क्रोधित होना,लाल रंग की चादर,लाल रंग की चादर,0,"इस मुहावरे का प्रयोग ऐसे व्यक्ति के लिए होता है जो गरीबी या अभावों में पलता है, फिर भी अत्यंत प्रतिभाशाली और गुणी होता है।","इस मुहावरे का प्रयोग ऐसे व्यक्ति के लिए होता है जो गरीबी या अभावों में पलता है, फिर भी अत्यंत प्रतिभाशाली और गुणी होता है।",
Hindi,'होनहार बिरवान के होत चीकने पात' लोकोक्ति का क्या आशय है?,'होनहार बिरवान के होत चीकने पात' लोकोक्ति का क्या आशय है?,सुंदर व्यक्ति हमेशा सफल होता है।,सुंदर व्यक्ति हमेशा सफल होता है।,मेहनत करने से ही सफलता मिलती है।,मेहनत करने से ही सफलता मिलती है।,पौधों के पत्ते हमेशा चिकने होते हैं।,पौधों के पत्ते हमेशा चिकने होते हैं।,महान या प्रतिभावान व्यक्तियों के लक्षण बचपन में ही दिखाई देने लगते हैं।,महान या प्रतिभावान व्यक्तियों के लक्षण बचपन में ही दिखाई देने लगते हैं।,3,"जिस प्रकार अच्छे पौधे के पत्ते शुरू से ही चिकने (स्वस्थ) दिखते हैं, उसी प्रकार महान लोगों की प्रतिभा बचपन में ही उजागर हो जाती है।","जिस प्रकार अच्छे पौधे के पत्ते शुरू से ही चिकने (स्वस्थ) दिखते हैं, उसी प्रकार महान लोगों की प्रतिभा बचपन में ही उजागर हो जाती है।",
Hindi,निम्नलिखित में से कौन-सा शब्द 'अमृत' का पर्यायवाची नहीं है?,निम्नलिखित में से कौन-सा शब्द 'अमृत' का पर्यायवाची नहीं है?,सोम,सोम,पीयूष,पीयूष,सुधा,सुधा,गरल,गरल,3,"'गरल' का अर्थ विष या ज़हर होता है, जबकि पीयूष, सुधा और सोम अमृत के पर्यायवाची हैं।","'गरल' का अर्थ विष या ज़हर होता है, जबकि पीयूष, सुधा और सोम अमृत के पर्यायवाची हैं।",
Hindi,'अग्रज' शब्द का सही विलोम क्या होगा?,'अग्रज' शब्द का सही विलोम क्या होगा?,विपुल,विपुल,ज्येष्ठ,ज्येष्ठ,अनुज,अनुज,अवर,अवर,2,"'अग्रज' का अर्थ है बड़ा भाई (जो पहले जन्मा हो), और इसका विलोम 'अनुज' (छोटा भाई, जो बाद में जन्मा हो) होता है।","'अग्रज' का अर्थ है बड़ा भाई (जो पहले जन्मा हो), और इसका विलोम 'अनुज' (छोटा भाई, जो बाद में जन्मा हो) होता है।",
Hindi,"'भारतीय संस्कृति में गुरु का स्थान ईश्वर से भी ऊँचा माना गया है। प्राचीन काल में विद्यार्थी गुरुकुल में रहकर विद्या अध्ययन करते थे। गुरु केवल अक्षर ज्ञान ही नहीं देते थे, बल्कि शिष्य के चरित्र का निर्माण भी करते थे। आज की शिक्षा प्रणाली में यद्यपि तकनीकी का प्रभाव बढ़ गया है, फिर भी एक आदर्श शिक्षक की प्रासंगिकता कभी कम नहीं हो सकती।' - गद्यांश के अनुसार, भारतीय संस्कृति में गुरु का स्थान किससे ऊँचा माना गया है?","'भारतीय संस्कृति में गुरु का स्थान ईश्वर से भी ऊँचा माना गया है। प्राचीन काल में विद्यार्थी गुरुकुल में रहकर विद्या अध्ययन करते थे। गुरु केवल अक्षर ज्ञान ही नहीं देते थे, बल्कि शिष्य के चरित्र का निर्माण भी करते थे। आज की शिक्षा प्रणाली में यद्यपि तकनीकी का प्रभाव बढ़ गया है, फिर भी एक आदर्श शिक्षक की प्रासंगिकता कभी कम नहीं हो सकती।' - गद्यांश के अनुसार, भारतीय संस्कृति में गुरु का स्थान किससे ऊँचा माना गया है?",राजा से,राजा से,ईश्वर से,ईश्वर से,माता-पिता से,माता-पिता से,समाज से,समाज से,1,गद्यांश की पहली पंक्ति में स्पष्ट रूप से उल्लेखित है कि भारतीय संस्कृति में गुरु का स्थान ईश्वर से भी ऊँचा माना गया है।,गद्यांश की पहली पंक्ति में स्पष्ट रूप से उल्लेखित है कि भारतीय संस्कृति में गुरु का स्थान ईश्वर से भी ऊँचा माना गया है।,CTET2023
Hindi,"'भारतीय संस्कृति में गुरु का स्थान ईश्वर से भी ऊँचा माना गया है। प्राचीन काल में विद्यार्थी गुरुकुल में रहकर विद्या अध्ययन करते थे। गुरु केवल अक्षर ज्ञान ही नहीं देते थे, बल्कि शिष्य के चरित्र का निर्माण भी करते थे। आज की शिक्षा प्रणाली में यद्यपि तकनीकी का प्रभाव बढ़ गया है, फिर भी एक आदर्श शिक्षक की प्रासंगिकता कभी कम नहीं हो सकती।' - गद्यांश के अनुसार प्राचीन काल में विद्यार्थी कहाँ रहकर शिक्षा ग्रहण करते थे?","'भारतीय संस्कृति में गुरु का स्थान ईश्वर से भी ऊँचा माना गया है। प्राचीन काल में विद्यार्थी गुरुकुल में रहकर विद्या अध्ययन करते थे। गुरु केवल अक्षर ज्ञान ही नहीं देते थे, बल्कि शिष्य के चरित्र का निर्माण भी करते थे। आज की शिक्षा प्रणाली में यद्यपि तकनीकी का प्रभाव बढ़ गया है, फिर भी एक आदर्श शिक्षक की प्रासंगिकता कभी कम नहीं हो सकती।' - गद्यांश के अनुसार प्राचीन काल में विद्यार्थी कहाँ रहकर शिक्षा ग्रहण करते थे?",महलों में,महलों में,विद्यालयों में,विद्यालयों में,गुरुकुल में,गुरुकुल में,मठों में,मठों में,2,गद्यांश की दूसरी पंक्ति में बताया गया है कि प्राचीन काल में विद्यार्थी गुरुकुल में रहकर विद्या अध्ययन करते थे।,गद्यांश की दूसरी पंक्ति में बताया गया है कि प्राचीन काल में विद्यार्थी गुरुकुल में रहकर विद्या अध्ययन करते थे।,CTET2022
Hindi,"'भारतीय संस्कृति में गुरु का स्थान ईश्वर से भी ऊँचा माना गया है। प्राचीन काल में विद्यार्थी गुरुकुल में रहकर विद्या अध्ययन करते थे। गुरु केवल अक्षर ज्ञान ही नहीं देते थे, बल्कि शिष्य के चरित्र का निर्माण भी करते थे। आज की शिक्षा प्रणाली में यद्यपि तकनीकी का प्रभाव बढ़ गया है, फिर भी एक आदर्श शिक्षक की प्रासंगिकता कभी कम नहीं हो सकती।' - आज की शिक्षा प्रणाली में किसका प्रभाव सबसे अधिक बढ़ गया है?","'भारतीय संस्कृति में गुरु का स्थान ईश्वर से भी ऊँचा माना गया है। प्राचीन काल में विद्यार्थी गुरुकुल में रहकर विद्या अध्ययन करते थे। गुरु केवल अक्षर ज्ञान ही नहीं देते थे, बल्कि शिष्य के चरित्र का निर्माण भी करते थे। आज की शिक्षा प्रणाली में यद्यपि तकनीकी का प्रभाव बढ़ गया है, फिर भी एक आदर्श शिक्षक की प्रासंगिकता कभी कम नहीं हो सकती।' - आज की शिक्षा प्रणाली में किसका प्रभाव सबसे अधिक बढ़ गया है?",परंपराओं का,परंपराओं का,धर्म का,धर्म का,तकनीकी का,तकनीकी का,अनुशासन का,अनुशासन का,2,गद्यांश की अंतिम पंक्ति में यह स्पष्ट किया गया है कि आज की शिक्षा प्रणाली में तकनीकी (Technology) का प्रभाव बढ़ गया है।,गद्यांश की अंतिम पंक्ति में यह स्पष्ट किया गया है कि आज की शिक्षा प्रणाली में तकनीकी (Technology) का प्रभाव बढ़ गया है।,CTET2023
Hindi,"'भारतीय संस्कृति में गुरु का स्थान ईश्वर से भी ऊँचा माना गया है। प्राचीन काल में विद्यार्थी गुरुकुल में रहकर विद्या अध्ययन करते थे। गुरु केवल अक्षर ज्ञान ही नहीं देते थे, बल्कि शिष्य के चरित्र का निर्माण भी करते थे। आज की शिक्षा प्रणाली में यद्यपि तकनीकी का प्रभाव बढ़ गया है, फिर भी एक आदर्श शिक्षक की प्रासंगिकता कभी कम नहीं हो सकती।' - गद्यांश में प्रयुक्त 'प्राचीन' शब्द का सही विलोम क्या होगा?","'भारतीय संस्कृति में गुरु का स्थान ईश्वर से भी ऊँचा माना गया है। प्राचीन काल में विद्यार्थी गुरुकुल में रहकर विद्या अध्ययन करते थे। गुरु केवल अक्षर ज्ञान ही नहीं देते थे, बल्कि शिष्य के चरित्र का निर्माण भी करते थे। आज की शिक्षा प्रणाली में यद्यपि तकनीकी का प्रभाव बढ़ गया है, फिर भी एक आदर्श शिक्षक की प्रासंगिकता कभी कम नहीं हो सकती।' - गद्यांश में प्रयुक्त 'प्राचीन' शब्द का सही विलोम क्या होगा?",अर्वाचीन,अर्वाचीन,अतीत,अतीत,इतिहास,इतिहास,पुराना,पुराना,0,"'प्राचीन' का अर्थ पुराना होता है, जिसका सही विलोम 'अर्वाचीन' (या नवीन/आधुनिक) होता है।","'प्राचीन' का अर्थ पुराना होता है, जिसका सही विलोम 'अर्वाचीन' (या नवीन/आधुनिक) होता है।",CTET2022
Hindi,"'भारतीय संस्कृति में गुरु का स्थान ईश्वर से भी ऊँचा माना गया है। प्राचीन काल में विद्यार्थी गुरुकुल में रहकर विद्या अध्ययन करते थे। गुरु केवल अक्षर ज्ञान ही नहीं देते थे, बल्कि शिष्य के चरित्र का निर्माण भी करते थे। आज की शिक्षा प्रणाली में यद्यपि तकनीकी का प्रभाव बढ़ गया है, फिर भी एक आदर्श शिक्षक की प्रासंगिकता कभी कम नहीं हो सकती।' - 'चरित्र' शब्द में 'इक' प्रत्यय लगाने से कौन-सा नया शब्द बनेगा?","'भारतीय संस्कृति में गुरु का स्थान ईश्वर से भी ऊँचा माना गया है। प्राचीन काल में विद्यार्थी गुरुकुल में रहकर विद्या अध्ययन करते थे। गुरु केवल अक्षर ज्ञान ही नहीं देते थे, बल्कि शिष्य के चरित्र का निर्माण भी करते थे। आज की शिक्षा प्रणाली में यद्यपि तकनीकी का प्रभाव बढ़ गया है, फिर भी एक आदर्श शिक्षक की प्रासंगिकता कभी कम नहीं हो सकती।' - 'चरित्र' शब्द में 'इक' प्रत्यय लगाने से कौन-सा नया शब्द बनेगा?",चारित्रिक,चारित्रिक,चरित्रीक,चरित्रीक,चारित्रीक,चारित्रीक,चरित्रिक,चरित्रिक,0,"'इक' प्रत्यय लगने पर मूल शब्द के प्रथम स्वर में वृद्धि हो जाती है, इसलिए चरित्र + इक = 'चारित्रिक' सही शब्द है।","'इक' प्रत्यय लगने पर मूल शब्द के प्रथम स्वर में वृद्धि हो जाती है, इसलिए चरित्र + इक = 'चारित्रिक' सही शब्द है।",CTET2023